OG0000043	capitella			\tCapteT101032		
OG0000043	capitella			\tCapteT114671		
OG0000043	capitella			\tCapteT127344		
OG0000043	capitella			\tCapteT127565		
OG0000043	capitella			\tCapteT129777		
OG0000043	capitella			\tCapteT134641		
OG0000043	capitella			\tCapteT138455		
OG0000043	capitella			\tCapteT143664		
OG0000043	capitella			\tCapteT145065		
OG0000043	capitella			\tCapteT145380		
OG0000043	capitella			\tCapteT187812		
OG0000043	capitella			\tCapteT188413		
OG0000043	capitella			\tCapteT190847		
OG0000043	capitella			\tCapteT191582		
OG0000043	capitella			\tCapteT202151		
OG0000043	capitella			\tCapteT26554		
OG0000043	capitella			\tCapteT28198		
OG0000043	capitella			\tCapteT30315		
OG0000043	capitella			\tCapteT96056		
OG0000061	capitella			\tCapteT103422	K11251	
OG0000061	capitella			\tCapteT111354	K11251	
OG0000061	capitella			\tCapteT125227	K11251	
OG0000061	capitella			\tCapteT128452	K11251	
OG0000061	capitella			\tCapteT137819	K11251	
OG0000061	capitella			\tCapteT137915	K11251	
OG0000061	capitella			\tCapteT138004	K11251	
OG0000061	capitella			\tCapteT138584	K11251	
OG0000061	capitella			\tCapteT142841	K11251	
OG0000061	capitella			\tCapteT143806	K11251	
OG0000061	capitella			\tCapteT146037	K11251	
OG0000061	capitella			\tCapteT147401	K11251	
OG0000061	capitella			\tCapteT165645	K11251	
OG0000061	capitella			\tCapteT203037	K11251	
OG0000061	capitella			\tCapteT217209	K11251	
OG0000061	capitella			\tCapteT6330	K11251	
OG0000062	capitella			\tCapteT102646	K11252	
OG0000062	capitella			\tCapteT125294	K11252	
OG0000062	capitella			\tCapteT132737	K11252	
OG0000062	capitella			\tCapteT135240
CapteT135236
CapteT135268
CapteT135212
CapteT135296
CapteT1352
CapteT135202
CapteT135204	

K10223
K14613
K09228
K11252
K06584	
OG0000062	capitella			\tCapteT136319	K11252	
OG0000062	capitella			\tCapteT145077	K11252	
OG0000062	capitella			\tCapteT146027	K11252	
OG0000062	capitella			\tCapteT189538	K11252	
OG0000062	capitella			\tCapteT203038	K11252	
OG0000062	capitella			\tCapteT205983	K11252	
OG0000062	capitella			\tCapteT213180	K11252	
OG0000062	capitella			\tCapteT217938
CapteT217939
CapteT217941
CapteT217942
CapteT217943
CapteT217944
CapteT217945
CapteT217947
CapteT217951
CapteT217971
CapteT217974
CapteT217909
CapteT217910
CapteT217913
CapteT217914
CapteT217918
CapteT217919
CapteT217920
CapteT217921
CapteT217923
CapteT217926
CapteT2179
CapteT217989
CapteT217991
CapteT217994
CapteT217996
CapteT217997
CapteT217976
CapteT217977
CapteT217978
CapteT217981
CapteT217982
CapteT217984
CapteT217985
CapteT217999
CapteT217929
CapteT217932
CapteT217933
CapteT217934
CapteT217936
CapteT217937	











K03327



K09640

K10104

K05658
K11252




K09673

K10627
K17253	
OG0000062	capitella			\tCapteT220395	K11252	
OG0000062	capitella			\tCapteT31452	K11252	
OG0000062	capitella			\tCapteT71535	K11252	
OG0000062	capitella			\tCapteT97622	K11252	
OG0000107	capitella			\tCapteT189847		
OG0000107	capitella			\tCapteT190961		
OG0000107	capitella			\tCapteT191939		
OG0000107	capitella			\tCapteT192602		
OG0000107	capitella			\tCapteT194406		
OG0000107	capitella			\tCapteT199419		
OG0000107	capitella			\tCapteT202440		
OG0000107	capitella			\tCapteT204036		
OG0000107	capitella			\tCapteT206230		
OG0000107	capitella			\tCapteT208385		
OG0000107	capitella			\tCapteT209473		
OG0000107	capitella			\tCapteT211471		
OG0000123	capitella			\tCapteT189698		
OG0000138	capitella			\tCapteT111992		
OG0000138	capitella			\tCapteT195634		
OG0000138	capitella			\tCapteT206058		
OG0000138	capitella			\tCapteT29740		
OG0000138	capitella			\tCapteT85761		
OG0000245	capitella			\tCapteT111447		
OG0000245	capitella			\tCapteT131723		
OG0000245	capitella			\tCapteT186616		
OG0000245	capitella			\tCapteT189059		
OG0000245	capitella			\tCapteT203791		
OG0000245	capitella			\tCapteT31556		
OG0000245	capitella			\tCapteT31589		
OG0000245	capitella			\tCapteT70314		
OG0000245	capitella			\tCapteT77954		
OG0000256	capitella			\tCapteT137069		
OG0000256	capitella			\tCapteT202396		
OG0000256	capitella			\tCapteT26497		
OG0000256	capitella			\tCapteT26598		
OG0000256	capitella			\tCapteT80963		
OG0000299	capitella			\tCapteT105211		
OG0000299	capitella			\tCapteT124094		
OG0000299	capitella			\tCapteT136951		
OG0000299	capitella			\tCapteT188348		
OG0000299	capitella			\tCapteT190816		
OG0000299	capitella			\tCapteT190844		
OG0000299	capitella			\tCapteT196688		
OG0000299	capitella			\tCapteT214514		
OG0000313							
OG0000314							
OG0000315	capitella			\tCapteT199598	K23209	
OG0000315	capitella			\tCapteT200167	K23209	
OG0000315	capitella			\tCapteT208937	K23209	
OG0000315	capitella			\tCapteT216401	K23209	
OG0000315	capitella			\tCapteT218263	K23209	
OG0000316	capitella			\tCapteT211963		
OG0000316	capitella			\tCapteT218546		
OG0000316	capitella			\tCapteT220946		
OG0000326	capitella			\tCapteT200712		
OG0000326	capitella			\tCapteT201197	K24032	
OG0000326	capitella			\tCapteT216552		
OG0000326	capitella			\tCapteT227553		
OG0000350	capitella			\tCapteT190599		
OG0000350	capitella			\tCapteT194369		
OG0000350	capitella			\tCapteT195563		
OG0000350	capitella			\tCapteT198786		
OG0000350	capitella			\tCapteT31069		
OG0000446	capitella			\tCapteT150149		
OG0000453	capitella			\tCapteT203338		
OG0000453	capitella			\tCapteT211094		
OG0000453	capitella			\tCapteT212883		
OG0000453	capitella			\tCapteT217367		
OG0000459	capitella			\tCapteT104682		
OG0000459	capitella			\tCapteT106103		
OG0000459	capitella			\tCapteT187897		
OG0000459	capitella			\tCapteT196790		
OG0000459	capitella			\tCapteT199247		
OG0000459	capitella			\tCapteT199806		
OG0000459	capitella			\tCapteT200271		
OG0000459	capitella			\tCapteT201634		
OG0000459	capitella			\tCapteT208597		
OG0000459	capitella			\tCapteT211258		
OG0000459	capitella			\tCapteT212104		
OG0000459	capitella			\tCapteT224935		
OG0000459	capitella			\tCapteT65968		
OG0000459	capitella			\tCapteT71521		
OG0000459	capitella			\tCapteT77922		
OG0000459	capitella			\tCapteT79125		
OG0000465	capitella			\tCapteT130410	K04585	
OG0000465	capitella			\tCapteT203438	K04585	
OG0000465	capitella			\tCapteT220667	K04585	
OG0000465	capitella			\tCapteT34226	K04585	
OG0000497	capitella			\tCapteT100147		
OG0000497	capitella			\tCapteT148219	K23204	
OG0000497	capitella			\tCapteT201348		
OG0000497	capitella			\tCapteT204093	K23210	
OG0000497	capitella			\tCapteT223123		
OG0000497	capitella			\tCapteT76654	K23207	
OG0000528	capitella			\tCapteT55726		
OG0000548	capitella			\tCapteT190791		
OG0000548	capitella			\tCapteT213110		
OG0000548	capitella			\tCapteT220627		
OG0000548	capitella			\tCapteT228841		
OG0000599							
OG0000631	capitella			\tCapteT184970	K23209	
OG0000631	capitella			\tCapteT190460	K23209	
OG0000655							
OG0000717	capitella			\tCapteT201720		
OG0000717	capitella			\tCapteT213238	K15255	
OG0000765							
OG0000767	capitella			\tCapteT186759		
OG0000767	capitella			\tCapteT188324		
OG0000767	capitella			\tCapteT194662		
OG0000767	capitella			\tCapteT202878		
OG0000767	capitella			\tCapteT208319		
OG0000767	capitella			\tCapteT209157		
OG0000767	capitella			\tCapteT210050		
OG0000767	capitella			\tCapteT214976		
OG0000767	capitella			\tCapteT215845		
OG0000767	capitella			\tCapteT215909		
OG0000814	capitella			\tCapteT177049	K01047	
OG0000814	capitella			\tCapteT39685	K01047	
OG0000814	capitella			\tCapteT90748	K01047	
OG0000908	capitella			\tCapteT194161		
OG0000908	capitella			\tCapteT206041		
OG0000908	capitella			\tCapteT206368		
OG0000908	capitella			\tCapteT215343		
OG0000937							
OG0001067	capitella			\tCapteT193438		
OG0001067	capitella			\tCapteT200235		
OG0001067	capitella			\tCapteT206409		
OG0001067	capitella			\tCapteT209256		
OG0001175	capitella			\tCapteT196836		
OG0001175	capitella			\tCapteT197491		
OG0001175	capitella			\tCapteT225478		
OG0001201							
OG0001224	capitella			\tCapteT198930		
OG0001224	capitella			\tCapteT214961		
OG0001224	capitella			\tCapteT217537		
OG0001321	capitella			\tCapteT179985	K10049	
OG0001321	capitella			\tCapteT48594	K10050	
OG0001446	capitella			\tCapteT204045		
OG0001594							
OG0001635	capitella			\tCapteT191446		
OG0001635	capitella			\tCapteT192178		
OG0001648	capitella			\tCapteT217708		
OG0001839							
OG0002083	capitella			\tCapteT196756		
OG0002083	capitella			\tCapteT214463		
OG0002092	capitella			\tCapteT106909	K00106	
OG0002092	capitella			\tCapteT210476	K00106	
OG0002092	capitella			\tCapteT219969	K00106	
OG0002164							
OG0002250							
OG0002586							
OG0002848							
OG0003208	capitella			\tCapteT155778	K12183	
OG0003286							
OG0003326	capitella			\tCapteT174722	K20242	
OG0003426	capitella			\tCapteT185927		
OG0003426	capitella			\tCapteT189704		
OG0003426	capitella			\tCapteT199903		
OG0003426	capitella			\tCapteT201273		
OG0003426	capitella			\tCapteT204969		
OG0003426	capitella			\tCapteT204973		
OG0003426	capitella			\tCapteT206068		
OG0003426	capitella			\tCapteT210933		
OG0003460	capitella			\tCapteT135296	K09228	
OG0003460	capitella			\tCapteT170985	K09228	
OG0003460	capitella			\tCapteT181688	K09228	
OG0003460	capitella			\tCapteT86147	K24501	
OG0003677	capitella			\tCapteT187003		
OG0003677	capitella			\tCapteT188134		
OG0003677	capitella			\tCapteT189825		
OG0003677	capitella			\tCapteT190324		
OG0003677	capitella			\tCapteT194701		
OG0003677	capitella			\tCapteT195237		
OG0003677	capitella			\tCapteT205697		
OG0003677	capitella			\tCapteT207523		
OG0003677	capitella			\tCapteT210932		
OG0003677	capitella			\tCapteT212857		
OG0003677	capitella			\tCapteT213839		
OG0003677	capitella			\tCapteT218483		
OG0004073							
OG0004111	capitella			\tCapteT190582	K11291	
OG0004111	capitella			\tCapteT227744	K11291	
OG0004212	capitella			\tCapteT219802		
OG0004243	capitella			\tCapteT181040	K24502	
OG0004627	capitella			\tCapteT101508		
OG0004717	capitella			\tCapteT218499		
OG0004828	capitella			\tCapteT223071	K01415	
OG0004830	capitella			\tCapteT154177		
OG0004901							
OG0005038	capitella			\tCapteT148485	K13089	
OG0005041	capitella			\tCapteT199916	K10454	
OG0005041	capitella			\tCapteT206441	K10454	
OG0005041	capitella			\tCapteT217877	K10454	
OG0005041	capitella			\tCapteT89766	K10454	
OG0005229	capitella			\tCapteT159549	K03250	
OG0005310	capitella			\tCapteT148319	K17989	
OG0005368	capitella			\tCapteT222950	K22594	
OG0005484	capitella			\tCapteT186396		
OG0005484	capitella			\tCapteT209028		
OG0005484	capitella			\tCapteT215629		
OG0005489							
OG0005625	capitella			\tCapteT131881	K10899	
OG0005751	capitella			\tCapteT222813	K19366	
OG0005997	capitella			\tCapteT89352	K22420	
OG0006016	capitella			\tCapteT216350		
OG0006073	capitella			\tCapteT148202	K10839	
OG0006073	capitella			\tCapteT227723	K10839	
OG0006084							
OG0006112							
OG0006114	capitella			\tCapteT176954	K10730	
OG0006159	capitella			\tCapteT136066	K23637	
OG0006159	capitella			\tCapteT138465		
OG0006159	capitella			\tCapteT138466		
OG0006159	capitella			\tCapteT197268	K23637	
OG0006159	capitella			\tCapteT199382		
OG0006159	capitella			\tCapteT202790		
OG0006159	capitella			\tCapteT220454		
OG0006159	capitella			\tCapteT223873		
OG0006163	capitella			\tCapteT21484
CapteT214841
CapteT214844
CapteT214846
CapteT214847
CapteT214849	K19514	
OG0006225							
OG0006446	capitella			\tCapteT196504		
OG0006446	capitella			\tCapteT206610		
OG0006494	capitella			\tCapteT165685	K16729	
OG0006595							
OG0006606							
OG0006635	capitella			\tCapteT149983	K10753	
OG0006669	capitella			\tCapteT226887	K02838	
OG0006710	capitella			\tCapteT215380	K00294	
OG0006710	capitella			\tCapteT218806	K00294	
OG0006805	capitella			\tCapteT140461	K14008	
OG0006816	capitella			\tCapteT165457	K03949	
OG0006895	capitella			\tCapteT217174	K19007	
OG0007043	capitella			\tCapteT175882	K14797	
OG0007086	capitella			\tCapteT193565		
OG0007086	capitella			\tCapteT204993		
OG0007086	capitella			\tCapteT227434		
OG0007086	capitella			\tCapteT228629		
OG0007173							
OG0007181	capitella			\tCapteT207460	K16524	
OG0007230	capitella			\tCapteT108910	K23439	
OG0007231	capitella			\tCapteT112381	K23010	
OG0007236	capitella			\tCapteT98750	K16310	
OG0007562	capitella			\tCapteT106046		
OG0007562	capitella			\tCapteT106292		
OG0007562	capitella			\tCapteT116010		
OG0007562	capitella			\tCapteT116447		
OG0007562	capitella			\tCapteT117399		
OG0007562	capitella			\tCapteT120632		
OG0007562	capitella			\tCapteT123195		
OG0007562	capitella			\tCapteT132558		
OG0007562	capitella			\tCapteT132690		
OG0007562	capitella			\tCapteT133936		
OG0007562	capitella			\tCapteT134728		
OG0007562	capitella			\tCapteT186251		
OG0007562	capitella			\tCapteT193823		
OG0007562	capitella			\tCapteT196690		
OG0007562	capitella			\tCapteT201871		
OG0007562	capitella			\tCapteT205932		
OG0007562	capitella			\tCapteT207274		
OG0007562	capitella			\tCapteT64769		
OG0007562	capitella			\tCapteT65122		
OG0007562	capitella			\tCapteT66202		
OG0007562	capitella			\tCapteT68910		
OG0007562	capitella			\tCapteT77903		
OG0007562	capitella			\tCapteT81014		
OG0007562	capitella			\tCapteT81121		
OG0007724	capitella			\tCapteT167508	K12811	
OG0007831	capitella			\tCapteT165412	K15700	
OG0007976	capitella			\tCapteT130820	K02599	
OG0007976	capitella			\tCapteT180503	K24469	
OG0008011							
OG0008079	capitella			\tCapteT177551	K02906	
OG0008189	capitella			\tCapteT153561	K17435	
OG0008210	capitella			\tCapteT208188	K20888	
OG0008264	capitella			\tCapteT184708		
OG0008272							
OG0008304	capitella			\tCapteT184287	K17781	
OG0008313							
OG0008335							
OG0008409							
OG0008448							
OG0008806	capitella			\tCapteT125996		
OG0008806	capitella			\tCapteT27387		
OG0008842							
OG0008899	capitella			\tCapteT214163		
OG0008931	capitella			\tCapteT91418	K17868	
OG0008996							
OG0009019							
OG0009053							
OG0009079							
OG0009180	capitella			\tCapteT140913	K11419	
OG0009218	capitella			\tCapteT116749	K07127	
OG0009218	capitella			\tCapteT223509	K07127	
OG0009218	capitella			\tCapteT223510	K07127	
OG0009222	capitella			\tCapteT227361		
OG0009287							
OG0009297	capitella			\tCapteT169898		
OG0009297	capitella			\tCapteT58641	K16460	
OG0009297	capitella			\tCapteT86914	K19626	
OG0009335	capitella			\tCapteT184958		
OG0009344							
OG0009544	capitella			\tCapteT149878	K23864	
OG0009575	capitella			\tCapteT63703	K04157	
OG0009586	capitella			\tCapteT196463		
OG0009649							
OG0009652							
OG0009743							
OG0009799	capitella			\tCapteT166229	K19915	
OG0009825	capitella			\tCapteT116253	K10403	
OG0009825	capitella			\tCapteT180829	K10403	
OG0009832	capitella			\tCapteT130893		
OG0009832	capitella			\tCapteT131090	K20828	
OG0009832	capitella			\tCapteT131152		
OG0009832	capitella			\tCapteT39932	K09234	
OG0009832	capitella			\tCapteT70173	K20828	
OG0009832	capitella			\tCapteT88579	K09206	
OG0009833	capitella			\tCapteT148553		
OG0009878	capitella			\tCapteT21390
CapteT213904
CapteT213900
CapteT213905	K11878	
OG0009914							
OG0009952							
OG0009954							
OG0009968							
OG0009969							
OG0009973							
OG0009977							
OG0010020							
OG0010037							
OG0010040	capitella			\tCapteT227629		
OG0010069	capitella			\tCapteT227211		
OG0010092	capitella			\tCapteT200029	K20166	
OG0010123	capitella			\tCapteT107503	K16506	
OG0010123	capitella			\tCapteT87275	K16506	
OG0010144							
OG0010203	capitella			\tCapteT188763	K06051	
OG0010203	capitella			\tCapteT193075		
OG0010203	capitella			\tCapteT196439		
OG0010203	capitella			\tCapteT197234		
OG0010203	capitella			\tCapteT201656		
OG0010203	capitella			\tCapteT201662		
OG0010203	capitella			\tCapteT203566		
OG0010203	capitella			\tCapteT204642		
OG0010203	capitella			\tCapteT204896		
OG0010203	capitella			\tCapteT205896		
OG0010203	capitella			\tCapteT206572		
OG0010203	capitella			\tCapteT207502		
OG0010203	capitella			\tCapteT212884		
OG0010203	capitella			\tCapteT213418		
OG0010203	capitella			\tCapteT216804		
OG0010203	capitella			\tCapteT218149		
OG0010203	capitella			\tCapteT226478	K24610	
OG0010203	capitella			\tCapteT228596		
OG0010256							
OG0010352	capitella			\tCapteT190277		
OG0010352	capitella			\tCapteT27427		
OG0010352	capitella			\tCapteT30525		
OG0010352	capitella			\tCapteT30869		
OG0010352	capitella			\tCapteT31267		
OG0010439							
OG0010443							
OG0010449	capitella			\tCapteT91123	K17637	
OG0010456	capitella			\tCapteT184298
CapteT18429	
K00851	
OG0010489	capitella			\tCapteT198631		
OG0010495	capitella			\tCapteT190389		
OG0010496	capitella			\tCapteT185658		
OG0010496	capitella			\tCapteT196536		
OG0010496	capitella			\tCapteT199997		
OG0010496	capitella			\tCapteT209860		
OG0010496	capitella			\tCapteT213058		
OG0010496	capitella			\tCapteT216352	K23209	
OG0010498	capitella			\tCapteT222259		
OG0010598	capitella			\tCapteT213316	K15211	
OG0010620							
OG0010690	capitella			\tCapteT70053	K02919	
OG0010708	capitella			\tCapteT203936		
OG0010708	capitella			\tCapteT217626		
OG0010749	capitella			\tCapteT172907	K18179	
OG0010759	capitella			\tCapteT193868	K20043	
OG0010807							
OG0010824							
OG0010827							
OG0010828							
OG0010838							
OG0010883	capitella			\tCapteT174450	K23886	
OG0010885	capitella			\tCapteT210082		
OG0010885	capitella			\tCapteT217310		
OG0010944	capitella			\tCapteT188867		
OG0010965							
OG0010969							
OG0011049	capitella			\tCapteT223189		
OG0011064	capitella			\tCapteT100437		
OG0011064	capitella			\tCapteT108009		
OG0011064	capitella			\tCapteT110058		
OG0011064	capitella			\tCapteT119657		
OG0011064	capitella			\tCapteT66627		
OG0011064	capitella			\tCapteT70846		
OG0011064	capitella			\tCapteT86124		
OG0011064	capitella			\tCapteT86125		
OG0011064	capitella			\tCapteT90188		
OG0011064	capitella			\tCapteT96693		
OG0011131							
OG0011194	capitella			\tCapteT63266	K09228	
OG0011195							
OG0011205	capitella			\tCapteT147020		
OG0011212							
OG0011240	capitella			\tCapteT210195		
OG0011247							
OG0011365	capitella			\tCapteT134429		
OG0011365	capitella			\tCapteT139258		
OG0011365	capitella			\tCapteT140277	K17307	
OG0011365	capitella			\tCapteT189209	K23342	
OG0011365	capitella			\tCapteT191985	K08443	
OG0011365	capitella			\tCapteT207106	K23342	
OG0011365	capitella			\tCapteT207298	K22017	
OG0011365	capitella			\tCapteT51881	K23342	
OG0011365	capitella			\tCapteT61435	K16145	
OG0011365	capitella			\tCapteT61524	K23342	
OG0011365	capitella			\tCapteT80610		
OG0011365	capitella			\tCapteT92256	K17307	
OG0011365	capitella			\tCapteT97299		
OG0011390							
OG0011422							
OG0011440							
OG0011503	capitella			\tCapteT49180	K04157	
OG0011551	capitella			\tCapteT220352		
OG0011594	capitella			\tCapteT41641	K05614	
OG0011594	capitella			\tCapteT81133	K05614	
OG0011612	capitella			\tCapteT189343		
OG0011612	capitella			\tCapteT201708		
OG0011612	capitella			\tCapteT201751		
OG0011612	capitella			\tCapteT210023		
OG0011652							
OG0011656							
OG0011668	capitella			\tCapteT199644		
OG0011722							
OG0011754							
OG0011899							
OG0011966	capitella			\tCapteT145934	K17598	
OG0011972							
OG0011988							
OG0012031	capitella			\tCapteT208485		
OG0012031	capitella			\tCapteT227521		
OG0012039	capitella			\tCapteT227569		
OG0012125							
OG0012138							
OG0012150							
OG0012315							
OG0012354	capitella			\tCapteT228978		
OG0012357	capitella			\tCapteT19108
CapteT191080
CapteT191081
CapteT191083
CapteT191087	


K22415
K07380	
OG0012364							
OG0012407	capitella			\tCapteT98109	K14611	
OG0012424	capitella			\tCapteT185861	K05665	
OG0012424	capitella			\tCapteT187570	K05665	
OG0012527							
OG0012551							
OG0012563							
OG0012575							
OG0012780	capitella			\tCapteT207313		
OG0012806							
OG0012853	capitella			\tCapteT92308	K18167	
OG0012858							
OG0012936	capitella			\tCapteT189851	K22600	
OG0012936	capitella			\tCapteT193267	K12323	
OG0012936	capitella			\tCapteT201025	K12323	
OG0012936	capitella			\tCapteT201778	K12323	
OG0012982							
OG0012993							
OG0013004							
OG0013047							
OG0013075							
OG0013080							
OG0013081							
OG0013083							
OG0013088							
OG0013095							
OG0013099							
OG0013127							
OG0013130							
OG0013213							
OG0013318							
OG0013430							
OG0013455	capitella			\tCapteT219652	K05052	
OG0013456							
OG0013463							
OG0013516	capitella			\tCapteT222840		
OG0013594							
OG0013610							
OG0013706							
OG0013709							
OG0013715							
OG0013716							
OG0013719							
OG0013765							
OG0013788							
OG0013889	capitella			\tCapteT61479	K15001	
OG0014012							
OG0014074	capitella			\tCapteT169125	K02924	
OG0014111							
OG0014174	capitella			\tCapteT190179		
OG0014223	capitella			\tCapteT75946	K09228	
OG0014337							
OG0014395							
OG0014399							
OG0014408							
OG0014422							
OG0014423							
OG0014426							
OG0014435							
OG0014443							
OG0014445							
OG0014447							
OG0014448							
OG0014450							
OG0014452							
OG0014456							
OG0014457							
OG0014461							
OG0014465							
OG0014489							
OG0014529							
OG0014531							
OG0014535							
OG0014541							
OG0014542							
OG0014689							
OG0014690							
OG0014806							
OG0014844							
OG0014873							
OG0014898							
OG0014925							
OG0014942							
OG0014978							
OG0014989	capitella			\tCapteT185134		
OG0014989	capitella			\tCapteT191940	K23209	
OG0014989	capitella			\tCapteT194344		
OG0014989	capitella			\tCapteT206270	K23209	
OG0014989	capitella			\tCapteT206901		
OG0014989	capitella			\tCapteT208813		
OG0014989	capitella			\tCapteT216436		
OG0014994	capitella			\tCapteT195059		
OG0014994	capitella			\tCapteT213666		
OG0014994	capitella			\tCapteT220011		
OG0015039	capitella			\tCapteT187179		
OG0015039	capitella			\tCapteT194362		
OG0015039	capitella			\tCapteT198811		
OG0015053	capitella			\tCapteT47391	K22614	
OG0015079	capitella			\tCapteT204560		
OG0015171							
OG0015237							
OG0015299							
OG0015321							
OG0015326							
OG0015341							
OG0015348							
OG0015352							
OG0015356							
OG0015366							
OG0015368							
OG0015372							
OG0015378							
OG0015380							
OG0015384							
OG0015387							
OG0015395							
OG0015396							
OG0015443							
OG0015489							
OG0015496							
OG0015691							
OG0015696							
OG0015727							
OG0015747							
OG0015774							
OG0015833	capitella			\tCapteT66548	K16669	
OG0015833	capitella			\tCapteT78268	K16669	
OG0015852							
OG0015890							
OG0015910							
OG0015926							
OG0015941							
OG0015947							
OG0016016							
OG0016107	capitella			\tCapteT224038		
OG0016167	capitella			\tCapteT219393		
OG0016249							
OG0016263							
OG0016323							
OG0016338							
OG0016453							
OG0016466							
OG0016468							
OG0016471							
OG0016474							
OG0016483							
OG0016486							
OG0016491							
OG0016496							
OG0016503							
OG0016505							
OG0016512							
OG0016514							
OG0016525							
OG0016526							
OG0016528							
OG0016529							
OG0016576							
OG0016634							
OG0016643							
OG0016888							
OG0016993							
OG0016999							
OG0017017							
OG0017097							
OG0017136							
OG0017180							
OG0017232							
OG0017274							
OG0017340	capitella			\tCapteT101856	K01256	
OG0017424	capitella			\tCapteT185501		
OG0017425	capitella			\tCapteT214303		
OG0017497	capitella			\tCapteT174437	K13421	
OG0017539							
OG0017660							
OG0017669							
OG0017692							
OG0017698							
OG0017731							
OG0017735							
OG0017765							
OG0017784							
OG0017837							
OG0017911							
OG0017940							
OG0017946							
OG0017950							
OG0017952							
OG0017955							
OG0017963							
OG0017975							
OG0017979							
OG0017981							
OG0017992							
OG0018009							
OG0018010							
OG0018022							
OG0018027							
OG0018069							
OG0018152							
OG0018186							
OG0018195							
OG0018197							
OG0018206							
OG0018208							
OG0018215							
OG0018227							
OG0018228							
OG0018230							
OG0018549							
OG0018562							
OG0018591							
OG0018614							
OG0018626							
OG0018659	capitella			\tCapteT192684		
OG0018691							
OG0018730							
OG0018753							
OG0018757							
OG0018775							
OG0018783							
OG0018790							
OG0019108							
OG0019174							
OG0019196	capitella			\tCapteT89075	K15297	
OG0019199	capitella			\tCapteT192685		
OG0019199	capitella			\tCapteT193444		
OG0019199	capitella			\tCapteT195672		
OG0019199	capitella			\tCapteT196729		
OG0019199	capitella			\tCapteT205965		
OG0019213	capitella			\tCapteT200210	K09666	
OG0019215	capitella			\tCapteT200317		
OG0019221	capitella			\tCapteT220135		
OG0019266	capitella			\tCapteT135521	K05312	
OG0019266	capitella			\tCapteT65079	K05312	
OG0019284	capitella			\tCapteT215759		
OG0019315	capitella			\tCapteT193574		
OG0019315	capitella			\tCapteT206895		
OG0019315	capitella			\tCapteT208348		
OG0019315	capitella			\tCapteT208350		
OG0019315	capitella			\tCapteT209433		
OG0019333	capitella			\tCapteT199255	K06776	
OG0019362	capitella			\tCapteT185055		
OG0019362	capitella			\tCapteT189899		
OG0019362	capitella			\tCapteT202631		
OG0019362	capitella			\tCapteT202919		
OG0019362	capitella			\tCapteT208388		
OG0019393	capitella			\tCapteT40975	K05313	
OG0019401	capitella			\tCapteT50235	K12076	
OG0019437							
OG0019444							
OG0019479							
OG0019522							
OG0019523							
OG0019525							
OG0019554							
OG0019558							
OG0019580							
OG0019732							
OG0019859							
OG0019922							
OG0019947							
OG0019951							
OG0019957							
OG0019968							
OG0019989							
OG0019993							
OG0019996							
OG0020002							
OG0020005							
OG0020016							
OG0020019							
OG0020030							
OG0020052							
OG0020059							
OG0020061							
OG0020064							
OG0020069							
OG0020073							
OG0020074							
OG0020076							
OG0020087							
OG0020097							
OG0020099							
OG0020101							
OG0020104							
OG0020106							
OG0020109							
OG0020116							
OG0020136							
OG0020147							
OG0020148							
OG0020265							
OG0020346							
OG0020371							
OG0020373							
OG0020374							
OG0020376							
OG0020381							
OG0020384							
OG0020387							
OG0020389							
OG0020392							
OG0020398							
OG0020407							
OG0020417							
OG0020418							
OG0020420							
OG0020866							
OG0020907							
OG0020909	capitella			\tCapteT193508	K18668	
OG0020909	capitella			\tCapteT194065	K18668	
OG0021169							
OG0021174							
OG0021212							
OG0021338							
OG0021379							
OG0021554							
OG0021558							
OG0021576							
OG0021640							
OG0021684							
OG0021687							
OG0021711	capitella			\tCapteT210293		
OG0021801	capitella			\tCapteT194845		
OG0021801	capitella			\tCapteT198768		
OG0021830	capitella			\tCapteT190681		
OG0021830	capitella			\tCapteT216225		
OG0021873	capitella			\tCapteT191020		
OG0021873	capitella			\tCapteT191379		
OG0021890	capitella			\tCapteT207600		
OG0021928	capitella			\tCapteT220458		
OG0021950	capitella			\tCapteT195069	K17604	
OG0022032							
OG0022043							
OG0022044							
OG0022060							
OG0022107							
OG0022132							
OG0022177							
OG0022187							
OG0022196							
OG0022197							
OG0022212							
OG0022218							
OG0022368							
OG0022477							
OG0022493							
OG0022570							
OG0022728							
OG0022734							
OG0022750							
OG0022752							
OG0022786							
OG0022787							
OG0022789							
OG0022807							
OG0022810							
OG0022825							
OG0022833							
OG0022841							
OG0022858							
OG0022883							
OG0022889							
OG0022894							
OG0022906							
OG0022911							
OG0022915							
OG0022928							
OG0022951							
OG0022956							
OG0022968							
OG0022974							
OG0022987							
OG0022989							
OG0022998							
OG0023004							
OG0023034							
OG0023048							
OG0023054							
OG0023064							
OG0023077							
OG0023081							
OG0023085							
OG0023088							
OG0023089							
OG0023090							
OG0023092							
OG0023093							
OG0023094							
OG0023102							
OG0023114							
OG0023366							
OG0023414							
OG0023417							
OG0023460							
OG0023503							
OG0023505							
OG0023510							
OG0023517							
OG0023526							
OG0023528							
OG0023541							
OG0023545							
OG0023548							
OG0023553							
OG0023560							
OG0023575							
OG0024218							
OG0024336							
OG0024361							
OG0024414							
OG0024581							
OG0024600							
OG0024613							
OG0024784							
OG0024848							
OG0024874							
OG0024894							
OG0024961							
OG0025040							
OG0025112							
OG0025374	capitella			\tCapteT193302	K05658	
OG0025376	capitella			\tCapteT200359		
OG0025483	capitella			\tCapteT187218		
OG0025627	capitella			\tCapteT222216		
OG0025757							
OG0025918							
OG0025982							
OG0026027							
OG0026196							
OG0026219							
OG0026327							
OG0026497							
OG0026546							
OG0026574							
OG0026595							
OG0026767							
OG0026789							
OG0026803							
OG0026823							
OG0026842							
OG0026843							
OG0026858							
OG0026884							
OG0026907							
OG0026916							
OG0026920							
OG0026926							
OG0026929							
OG0026938							
OG0026948							
OG0026950							
OG0026958							
OG0026971							
OG0026986							
OG0026990							
OG0027005							
OG0027012							
OG0027022							
OG0027037							
OG0027046							
OG0027059							
OG0027100							
OG0027119							
OG0027127							
OG0027128							
OG0027159							
OG0027177							
OG0027183							
OG0027193							
OG0027195							
OG0027217							
OG0027218							
OG0027234							
OG0027235							
OG0027238							
OG0027248							
OG0027263							
OG0027273							
OG0027276							
OG0027294							
OG0027309							
OG0027315							
OG0027321							
OG0027328							
OG0027346							
OG0027348							
OG0027359							
OG0027377							
OG0027385							
OG0027387							
OG0027391							
OG0027393							
OG0027414							
OG0027421							
OG0027425							
OG0027427							
OG0027429							
OG0027444							
OG0027447							
OG0027463							
OG0027469							
OG0027502							
OG0027595							
OG0027942							
OG0028013							
OG0028030							
OG0028116							
OG0028122							
OG0028137							
OG0028138							
OG0028139							
OG0028143							
OG0028144							
OG0028151							
OG0028155							
OG0028163							
OG0028165							
OG0028175							
OG0028195							
OG0028196							
OG0028208							
OG0028210							
OG0029492							
OG0029510							
OG0029875							
OG0029949							
OG0029958							
OG0030110							
OG0030331							
OG0030604							
OG0030742	capitella			\tCapteT5016	K08834	
OG0031017	capitella			\tCapteT227941	K06238	
OG0031060	capitella			\tCapteT193295		
OG0031184	capitella			\tCapteT191712		
OG0031184	capitella			\tCapteT206606	K14771	
OG0031245	capitella			\tCapteT68502	K09201	
OG0031310	capitella			\tCapteT223455	K16680	
OG0031328	capitella			\tCapteT207997		
OG0031332	capitella			\tCapteT210088	K08202	
OG0031371	capitella			\tCapteT213215		
OG0031433	capitella			\tCapteT113316		
OG0031434	capitella			\tCapteT120733		
OG0031438	capitella			\tCapteT103996	K11517	
OG0031577							
OG0031611							
OG0031648							
OG0031765							
OG0031797							
OG0031820							
OG0031867							
OG0031875							
OG0031899							
OG0031985							
OG0032027							
OG0032067							
OG0032929							
OG0033094							
OG0033118							
OG0033211							
OG0033438							
OG0033445							
OG0033462							
OG0033465							
OG0033469							
OG0033480							
OG0033482							
OG0033502							
OG0033504							
OG0033507							
OG0033518							
OG0033521							
OG0033529							
OG0033531							
OG0033542							
OG0033553							
OG0033558							
OG0033566							
OG0033568							
OG0033575							
OG0033579							
OG0033582							
OG0033583							
OG0033591							
OG0033592							
OG0033594							
OG0033624							
OG0033637							
OG0033660							
OG0033678							
OG0033689							
OG0033701							
OG0033706							
OG0033716							
OG0033718							
OG0033719							
OG0033757							
OG0033761							
OG0033772							
OG0033794							
OG0033801							
OG0033803							
OG0033819							
OG0033838							
OG0033842							
OG0033843							
OG0033844							
OG0033859							
OG0033863							
OG0033869							
OG0033874							
OG0033885							
OG0033893							
OG0033894							
OG0033905							
OG0033910							
OG0033917							
OG0033926							
OG0033946							
OG0033976							
OG0033980							
OG0033988							
OG0034002							
OG0034008							
OG0034033							
OG0034051							
OG0034070							
OG0034079							
OG0034085							
OG0034094							
OG0034099							
OG0034109							
OG0034115							
OG0034130							
OG0034132							
OG0034144							
OG0034145							
OG0034148							
OG0034167							
OG0034168							
OG0034179							
OG0034193							
OG0034196							
OG0034203							
OG0034204							
OG0034215							
OG0034223							
OG0034226							
OG0034230							
OG0034241							
OG0034255							
OG0034263							
OG0034266							
OG0034269							
OG0034271							
OG0034286							
OG0034294							
OG0034295							
OG0034301							
OG0034310							
OG0034311							
OG0034321							
OG0034327							
OG0034348							
OG0034350							
OG0034354							
OG0034365							
OG0034371							
OG0034379							
OG0034380							
OG0034387							
OG0034388							
OG0034399							
OG0034401							
OG0034415							
OG0034510							
OG0034945							
OG0035261							
OG0035302							
OG0035344							
OG0035577							
OG0035584							
OG0035593							
OG0035640							
OG0035649							
OG0035654							
OG0035664							
OG0035712							
OG0035717							
OG0035722							
OG0035735							
OG0035766							
OG0035792							
OG0035802							
OG0035805							
OG0035808							
OG0035813							
OG0035814							
OG0035816							
OG0035835							
OG0035845							
OG0035856							
OG0037931							
OG0040192							
OG0040865	capitella			\tCapteT188305		
OG0040897	capitella			\tCapteT211569		
OG0042250							
OG0043263							
OG0043271							
OG0043311							
OG0043314							
OG0044455							
OG0044628							
OG0045648							
OG0045650							
OG0045653							
OG0045655							
OG0045658							
OG0045660							
OG0045663							
OG0045667							
OG0045679							
OG0045683							
OG0045697							
OG0045705							
OG0045708							
OG0045732							
OG0045754							
OG0045768							
OG0045780							
OG0045787							
OG0045792							
OG0045794							
OG0045802							
OG0045803							
OG0045809							
OG0045811							
OG0045812							
OG0045813							
OG0045814							
OG0045818							
OG0045822							
OG0045825							
OG0045849							
OG0045850							
OG0045867							
OG0045868							
OG0045869							
OG0045871							
OG0045874							
OG0045879							
OG0045890							
OG0045892							
OG0045897							
OG0045898							
OG0045900							
OG0045901							
OG0045913							
OG0045923							
OG0045929							
OG0045931							
OG0045946							
OG0045951							
OG0045955							
OG0045956							
OG0045960							
OG0045961							
OG0045971							
OG0045972							
OG0045981							
OG0045991							
OG0046008							
OG0046016							
OG0046018							
OG0046019							
OG0046028							
OG0046055							
OG0046056							
OG0046067							
OG0046087							
OG0046092							
OG0046095							
OG0046096							
OG0046111							
OG0046123							
OG0046126							
OG0046132							
OG0046134							
OG0046136							
OG0046137							
OG0046139							
OG0046145							
OG0046157							
OG0046161							
OG0046163							
OG0046164							
OG0046167							
OG0046176							
OG0046184							
OG0046191							
OG0046202							
OG0046208							
OG0046209							
OG0046215							
OG0046219							
OG0046222							
OG0046227							
OG0046229							
OG0046241							
OG0046247							
OG0046248							
OG0046253							
OG0046262							
OG0046270							
OG0046271							
OG0046286							
OG0046288							
OG0046303							
OG0046316							
OG0046319							
OG0046320							
OG0046326							
OG0046327							
OG0046331							
OG0046335							
OG0046343							
OG0046358							
OG0046361							
OG0046383							
OG0046384							
OG0046392							
OG0046404							
OG0046409							
OG0046412							
OG0046414							
OG0046432							
OG0046437							
OG0046441							
OG0046452							
OG0046453							
OG0046456							
OG0046460							
OG0046461							
OG0046470							
OG0046473							
OG0046475							
OG0046486							
OG0046488							
OG0046490							
OG0046493							
OG0046503							
OG0046520							
OG0046522							
OG0046531							
OG0046535							
OG0046542							
OG0046545							
OG0046551							
OG0046554							
OG0046558							
OG0046560							
OG0046569							
OG0046570							
OG0046573							
OG0046589							
OG0046590							
OG0046591							
OG0046600							
OG0046604							
OG0046613							
OG0046621							
OG0046625							
OG0046626							
OG0046650							
OG0046653							
OG0046655							
OG0046660							
OG0046662							
OG0046665							
OG0046673							
OG0046675							
OG0046695							
OG0046705							
OG0046712							
OG0046727							
OG0046744							
OG0046747							
OG0046762							
OG0046768							
OG0046771							
OG0046781							
OG0046791							
OG0046793							
OG0046794							
OG0046796							
OG0046800							
OG0046804							
OG0046819							
OG0046828							
OG0046830							
OG0046833							
OG0046840							
OG0046842							
OG0046844							
OG0046849							
OG0046855							
OG0046862							
OG0046864							
OG0046872							
OG0046873							
OG0048300							
OG0049627							
OG0049646							
OG0049657							
OG0049692							
OG0049767							
OG0049784							
OG0049785							
OG0049842							
OG0049845							
OG0049891							
OG0049904							
OG0049906							
OG0049942							
OG0049945							
OG0049946							
OG0049947							
OG0049959							
OG0049960							
OG0049970							
OG0049996							
OG0050011							
OG0050013							
OG0050039							
OG0050046							
OG0050059							
OG0050093							
OG0050111							
OG0050121							
OG0050145							
OG0050152							
OG0050170							
OG0050193							
OG0050196							
OG0050202							
OG0050205							
OG0050210							
OG0050212							
OG0050221							
OG0050222							
OG0050230							
OG0050258							
OG0050266							
OG0050280							
OG0050310							
OG0050312							
OG0050325							
OG0050328							
OG0050331							
