OG0000009							
OG0000336							
OG0000395	osedax	.	.	.	OFRAG00000008543.1	SI:DKEY-197C15.6-RELATED	
OG0000440							
OG0000656							
OG0000711							
OG0000713							
OG0000724							
OG0000726							
OG0000830							
OG0000883							
OG0000954							
OG0001033							
OG0001078							
OG0001156							
OG0001193							
OG0001242	osedax	GO:0000785^cellular_component^chromatin`GO:0010369^cellular_component^chromocenter`GO:0000775^cellular_component^chromosome centromeric region`GO:0001939^cellular_component^female pronucleus`GO:0001940^cellular_component^male pronucleus`GO:0005634^cellular_component^nucleus`GO:0005721^cellular_component^pericentric heterochromatin`GO:0090734^cellular_component^site of DNA damage`GO:0005819^cellular_component^spindle`GO:0019899^molecular_function^enzyme binding`GO:1990226^molecular_function^histone methyltransferase binding`GO:0042802^molecular_function^identical protein binding`GO:0006974^biological_process^cellular response to DNA damage stimulus`GO:0045892^biological_process^negative regulation of transcription DNA-templated	GO:0000785^cellular_component^chromatin`GO:0010369^cellular_component^chromocenter`GO:0000775^cellular_component^chromosome centromeric region`GO:0001939^cellular_component^female pronucleus`GO:0001940^cellular_component^male pronucleus`GO:0005634^cellular_component^nucleus`GO:0005721^cellular_component^pericentric heterochromatin`GO:0090734^cellular_component^site of DNA damage`GO:0005819^cellular_component^spindle`GO:0019899^molecular_function^enzyme binding`GO:1990226^molecular_function^histone methyltransferase binding`GO:0042802^molecular_function^identical protein binding`GO:0006974^biological_process^cellular response to DNA damage stimulus`GO:0045892^biological_process^negative regulation of transcription DNA-templated	GO:0005634^cellular_component^nucleus	OFRAG00000007098.1	CHROMOBOX HOMOLOG 1A (HP1 BETA HOMOLOG DROSOPHILA)-RELATED	K11585
OG0001242	osedax	.	.	.	OFRAG00000008591.1	SUBFAMILY NOT NAMED	
OG0001571							
OG0001608							
OG0001662							
OG0001823							
OG0001893							
OG0001907							
OG0002090							
OG0002194							
OG0002293							
OG0002335							
OG0003006							
OG0003014							
OG0003400							
OG0003479							
OG0003565							
OG0003623							
OG0003781	osedax	GO:0016323^cellular_component^basolateral plasma membrane`GO:0030054^cellular_component^cell junction`GO:0005737^cellular_component^cytoplasm`GO:0098978^cellular_component^glutamatergic synapse`GO:0030056^cellular_component^hemidesmosome`GO:0031594^cellular_component^neuromuscular junction`GO:0031965^cellular_component^nuclear membrane`GO:0016607^cellular_component^nuclear speck`GO:0005634^cellular_component^nucleus`GO:0005886^cellular_component^plasma membrane`GO:0099572^cellular_component^postsynaptic specialization`GO:0005176^molecular_function^ErbB-2 class receptor binding`GO:0005102^molecular_function^signaling receptor binding`GO:0071356^biological_process^cellular response to tumor necrosis factor`GO:0071638^biological_process^negative regulation of monocyte chemotactic protein-1 production`GO:0032088^biological_process^negative regulation of NF-kappaB transcription factor activity`GO:0070433^biological_process^negative regulation of nucleotide-binding oligomerization domain containing 2 signaling pathway`GO:0046579^biological_process^positive regulation of Ras protein signal transduction`GO:0006605^biological_process^protein targeting`GO:0099072^biological_process^regulation of postsynaptic membrane neurotransmitter receptor levels`GO:0032496^biological_process^response to lipopolysaccharide`GO:0032495^biological_process^response to muramyl dipeptide`GO:0007165^biological_process^signal transduction	GO:0016323^cellular_component^basolateral plasma membrane`GO:0030054^cellular_component^cell junction`GO:0005737^cellular_component^cytoplasm`GO:0098978^cellular_component^glutamatergic synapse`GO:0030056^cellular_component^hemidesmosome`GO:0031594^cellular_component^neuromuscular junction`GO:0031965^cellular_component^nuclear membrane`GO:0016607^cellular_component^nuclear speck`GO:0005634^cellular_component^nucleus`GO:0005886^cellular_component^plasma membrane`GO:0099572^cellular_component^postsynaptic specialization`GO:0005176^molecular_function^ErbB-2 class receptor binding`GO:0005102^molecular_function^signaling receptor binding`GO:0071356^biological_process^cellular response to tumor necrosis factor`GO:0071638^biological_process^negative regulation of monocyte chemotactic protein-1 production`GO:0032088^biological_process^negative regulation of NF-kappaB transcription factor activity`GO:0070433^biological_process^negative regulation of nucleotide-binding oligomerization domain containing 2 signaling pathway`GO:0046579^biological_process^positive regulation of Ras protein signal transduction`GO:0006605^biological_process^protein targeting`GO:0099072^biological_process^regulation of postsynaptic membrane neurotransmitter receptor levels`GO:0032496^biological_process^response to lipopolysaccharide`GO:0032495^biological_process^response to muramyl dipeptide`GO:0007165^biological_process^signal transduction	GO:0005515^molecular_function^protein binding	OFRAG00000004370.1	LEUCINE-RICH REPEAT-CONTAINING PROTEIN 1	K24055
OG0004081							
OG0004454							
OG0004544							
OG0004939							
OG0005135							
OG0005477							
OG0005487							
OG0006407							
OG0006598							
OG0007118							
OG0007137							
OG0007569							
OG0007593							
OG0007918							
OG0008013							
OG0008021							
OG0008343							
OG0008538							
OG0008612	osedax	GO:0004045^molecular_function^aminoacyl-tRNA hydrolase activity	GO:0004045^molecular_function^aminoacyl-tRNA hydrolase activity	GO:0004045^molecular_function^aminoacyl-tRNA hydrolase activity	OFRAG00000016878.1	PEPTIDYL-TRNA HYDROLASE PTRHD1-RELATED	
OG0008724	osedax	GO:0005737^cellular_component^cytoplasm`GO:0005829^cellular_component^cytosol`GO:0005925^cellular_component^focal adhesion`GO:0005634^cellular_component^nucleus`GO:0004309^molecular_function^exopolyphosphatase activity`GO:0004427^molecular_function^inorganic diphosphatase activity`GO:0046872^molecular_function^metal ion binding`GO:0016791^molecular_function^phosphatase activity`GO:0015631^molecular_function^tubulin binding`GO:0006798^biological_process^polyphosphate catabolic process`GO:0031113^biological_process^regulation of microtubule polymerization`GO:0050767^biological_process^regulation of neurogenesis	GO:0005737^cellular_component^cytoplasm`GO:0005829^cellular_component^cytosol`GO:0005925^cellular_component^focal adhesion`GO:0005634^cellular_component^nucleus`GO:0004309^molecular_function^exopolyphosphatase activity`GO:0004427^molecular_function^inorganic diphosphatase activity`GO:0046872^molecular_function^metal ion binding`GO:0016791^molecular_function^phosphatase activity`GO:0015631^molecular_function^tubulin binding`GO:0006798^biological_process^polyphosphate catabolic process`GO:0031113^biological_process^regulation of microtubule polymerization`GO:0050767^biological_process^regulation of neurogenesis	GO:0016462^molecular_function^pyrophosphatase activity`GO:0005737^cellular_component^cytoplasm	OFRAG00000013187.1	EG:152A3.5 PROTEIN (FBGN0003116 PN PROTEIN)	K01514
OG0008736							
OG0008746							
OG0008977							
OG0009048							
OG0009107	osedax	GO:0030424^cellular_component^axon`GO:0005604^cellular_component^basement membrane`GO:0062023^cellular_component^collagen-containing extracellular matrix`GO:0036062^cellular_component^presynaptic periactive zone`GO:0008021^cellular_component^synaptic vesicle`GO:0005102^molecular_function^signaling receptor binding`GO:0009887^biological_process^animal organ morphogenesis`GO:0007411^biological_process^axon guidance`GO:0071711^biological_process^basement membrane organization`GO:0033627^biological_process^cell adhesion mediated by integrin`GO:0035001^biological_process^dorsal trunk growth open tracheal system`GO:0007507^biological_process^heart development`GO:0035011^biological_process^melanotic encapsulation of foreign target`GO:0007498^biological_process^mesoderm development`GO:0045886^biological_process^negative regulation of synaptic growth at neuromuscular junction`GO:0030155^biological_process^regulation of cell adhesion`GO:0030334^biological_process^regulation of cell migration`GO:0045995^biological_process^regulation of embryonic development`GO:0034446^biological_process^substrate adhesion-dependent cell spreading`GO:0009888^biological_process^tissue development	GO:0030424^cellular_component^axon`GO:0005604^cellular_component^basement membrane`GO:0062023^cellular_component^collagen-containing extracellular matrix`GO:0036062^cellular_component^presynaptic periactive zone`GO:0008021^cellular_component^synaptic vesicle`GO:0005102^molecular_function^signaling receptor binding`GO:0009887^biological_process^animal organ morphogenesis`GO:0007411^biological_process^axon guidance`GO:0071711^biological_process^basement membrane organization`GO:0033627^biological_process^cell adhesion mediated by integrin`GO:0035001^biological_process^dorsal trunk growth open tracheal system`GO:0007507^biological_process^heart development`GO:0035011^biological_process^melanotic encapsulation of foreign target`GO:0007498^biological_process^mesoderm development`GO:0045886^biological_process^negative regulation of synaptic growth at neuromuscular junction`GO:0030155^biological_process^regulation of cell adhesion`GO:0030334^biological_process^regulation of cell migration`GO:0045995^biological_process^regulation of embryonic development`GO:0034446^biological_process^substrate adhesion-dependent cell spreading`GO:0009888^biological_process^tissue development	.	OFRAG00000000304.1	LAMININ SUBUNIT BETA-1	K06240
OG0009147							
OG0009296							
OG0009353							
OG0009355							
OG0009640							
OG0009643							
OG0009709							
OG0009722							
OG0009745	osedax	GO:0003676^molecular_function^nucleic acid binding	GO:0003676^molecular_function^nucleic acid binding	GO:0005515^molecular_function^protein binding`GO:0003676^molecular_function^nucleic acid binding	OFRAG00000008023.1	G PATCH DOMAIN AND ANKYRIN REPEAT-CONTAINING PROTEIN 1	
OG0009808							
OG0009838							
OG0009891							
OG0009936							
OG0009938							
OG0009942							
OG0009946							
OG0010008							
OG0010185							
OG0010247							
OG0010254							
OG0010332	osedax	.	.	.	OFRAG00000013799.1	NO HIT
OG0010619	osedax	GO:0016324^cellular_component^apical plasma membrane`GO:0016323^cellular_component^basolateral plasma membrane`GO:0098591^cellular_component^external side of apical plasma membrane`GO:0016021^cellular_component^integral component of membrane`GO:0016020^cellular_component^membrane`GO:0005886^cellular_component^plasma membrane`GO:0031088^cellular_component^platelet dense granule membrane`GO:0016404^molecular_function^15-hydroxyprostaglandin dehydrogenase (NAD+) activity`GO:0005524^molecular_function^ATP binding`GO:0016887^molecular_function^ATPase activity`GO:0042626^molecular_function^ATPase-coupled transmembrane transporter activity`GO:0015562^molecular_function^efflux transmembrane transporter activity`GO:0015662^molecular_function^ion transmembrane transporter activity phosphorylative mechanism`GO:0042910^molecular_function^xenobiotic transmembrane transporter activity`GO:0038183^biological_process^bile acid signaling pathway`GO:0060271^biological_process^cilium assembly`GO:0140115^biological_process^export across plasma membrane`GO:0002576^biological_process^platelet degranulation`GO:0048661^biological_process^positive regulation of smooth muscle cell proliferation`GO:0032310^biological_process^prostaglandin secretion`GO:0042493^biological_process^response to drug`GO:0014070^biological_process^response to organic cyclic compound`GO:0010243^biological_process^response to organonitrogen compound`GO:0055085^biological_process^transmembrane transport`GO:0150104^biological_process^transport across blood-brain barrier	GO:0016324^cellular_component^apical plasma membrane`GO:0016323^cellular_component^basolateral plasma membrane`GO:0098591^cellular_component^external side of apical plasma membrane`GO:0016021^cellular_component^integral component of membrane`GO:0016020^cellular_component^membrane`GO:0005886^cellular_component^plasma membrane`GO:0031088^cellular_component^platelet dense granule membrane`GO:0016404^molecular_function^15-hydroxyprostaglandin dehydrogenase (NAD+) activity`GO:0005524^molecular_function^ATP binding`GO:0016887^molecular_function^ATPase activity`GO:0042626^molecular_function^ATPase-coupled transmembrane transporter activity`GO:0015562^molecular_function^efflux transmembrane transporter activity`GO:0015662^molecular_function^ion transmembrane transporter activity phosphorylative mechanism`GO:0042910^molecular_function^xenobiotic transmembrane transporter activity`GO:0038183^biological_process^bile acid signaling pathway`GO:0060271^biological_process^cilium assembly`GO:0140115^biological_process^export across plasma membrane`GO:0002576^biological_process^platelet degranulation`GO:0048661^biological_process^positive regulation of smooth muscle cell proliferation`GO:0032310^biological_process^prostaglandin secretion`GO:0042493^biological_process^response to drug`GO:0014070^biological_process^response to organic cyclic compound`GO:0010243^biological_process^response to organonitrogen compound`GO:0055085^biological_process^transmembrane transport`GO:0150104^biological_process^transport across blood-brain barrier	.	OFRAG00000007460.1	MULTIDRUG RESISTANCE-ASSOCIATED PROTEIN 4	K05673
OG0010637							
OG0010681	osedax	.	.	.	OFRAG00000001090.1	CYSTEINE-RICH PDF MOTIF DOMAIN-CONTAINING PROTEIN 1	
OG0010798							
OG0010879							
OG0010910							
OG0010934							
OG0010957							
OG0010972							
OG0010992							
OG0011048	osedax	.	.	.	OFRAG00000014284.1	CONTACTIN 5	
OG0011099							
OG0011216							
OG0011219	osedax	GO:0016323^cellular_component^basolateral plasma membrane`GO:0034703^cellular_component^cation channel complex`GO:0060170^cellular_component^ciliary membrane`GO:0005929^cellular_component^cilium`GO:0030659^cellular_component^cytoplasmic vesicle membrane`GO:0005789^cellular_component^endoplasmic reticulum membrane`GO:0005887^cellular_component^integral component of plasma membrane`GO:0016020^cellular_component^membrane`GO:0005262^molecular_function^calcium channel activity`GO:0005509^molecular_function^calcium ion binding`GO:0005261^molecular_function^cation channel activity`GO:0051371^molecular_function^muscle alpha-actinin binding`GO:0015271^molecular_function^outward rectifier potassium channel activity`GO:0005267^molecular_function^potassium channel activity`GO:0005102^molecular_function^signaling receptor binding`GO:0005245^molecular_function^voltage-gated calcium channel activity`GO:0005248^molecular_function^voltage-gated sodium channel activity`GO:0070588^biological_process^calcium ion transmembrane transport`GO:0198738^biological_process^cell-cell signaling by wnt`GO:0071277^biological_process^cellular response to calcium ion`GO:0050982^biological_process^detection of mechanical stimulus`GO:0003127^biological_process^detection of nodal flow`GO:0098662^biological_process^inorganic cation transmembrane transport`GO:0071805^biological_process^potassium ion transmembrane transport`GO:0051290^biological_process^protein heterotetramerization`GO:0051262^biological_process^protein tetramerization`GO:0034765^biological_process^regulation of ion transmembrane transport`GO:0051209^biological_process^release of sequestered calcium ion into cytosol`GO:0016055^biological_process^Wnt signaling pathway	GO:0016323^cellular_component^basolateral plasma membrane`GO:0034703^cellular_component^cation channel complex`GO:0060170^cellular_component^ciliary membrane`GO:0005929^cellular_component^cilium`GO:0030659^cellular_component^cytoplasmic vesicle membrane`GO:0005789^cellular_component^endoplasmic reticulum membrane`GO:0005887^cellular_component^integral component of plasma membrane`GO:0016020^cellular_component^membrane`GO:0005262^molecular_function^calcium channel activity`GO:0005509^molecular_function^calcium ion binding`GO:0005261^molecular_function^cation channel activity`GO:0051371^molecular_function^muscle alpha-actinin binding`GO:0015271^molecular_function^outward rectifier potassium channel activity`GO:0005267^molecular_function^potassium channel activity`GO:0005102^molecular_function^signaling receptor binding`GO:0005245^molecular_function^voltage-gated calcium channel activity`GO:0005248^molecular_function^voltage-gated sodium channel activity`GO:0070588^biological_process^calcium ion transmembrane transport`GO:0198738^biological_process^cell-cell signaling by wnt`GO:0071277^biological_process^cellular response to calcium ion`GO:0050982^biological_process^detection of mechanical stimulus`GO:0003127^biological_process^detection of nodal flow`GO:0098662^biological_process^inorganic cation transmembrane transport`GO:0071805^biological_process^potassium ion transmembrane transport`GO:0051290^biological_process^protein heterotetramerization`GO:0051262^biological_process^protein tetramerization`GO:0034765^biological_process^regulation of ion transmembrane transport`GO:0051209^biological_process^release of sequestered calcium ion into cytosol`GO:0016055^biological_process^Wnt signaling pathway	GO:0005216^molecular_function^ion channel activity`GO:0006811^biological_process^ion transport`GO:0055085^biological_process^transmembrane transport`GO:0016020^cellular_component^membrane	OFRAG00000013525.1	POLYCYSTIN FAMILY MEMBER	K04988
OG0011275	osedax	GO:0005887^cellular_component^integral component of plasma membrane`GO:0005886^cellular_component^plasma membrane`GO:0001518^cellular_component^voltage-gated sodium channel complex`GO:0005509^molecular_function^calcium ion binding`GO:0005261^molecular_function^cation channel activity`GO:0005272^molecular_function^sodium channel activity`GO:0005244^molecular_function^voltage-gated ion channel activity`GO:0005248^molecular_function^voltage-gated sodium channel activity`GO:0045433^biological_process^male courtship behavior veined wing generated song production`GO:0007638^biological_process^mechanosensory behavior`GO:0086010^biological_process^membrane depolarization during action potential`GO:0019228^biological_process^neuronal action potential`GO:0034765^biological_process^regulation of ion transmembrane transport`GO:0060078^biological_process^regulation of postsynaptic membrane potential`GO:0001666^biological_process^response to hypoxia`GO:0009612^biological_process^response to mechanical stimulus`GO:0035725^biological_process^sodium ion transmembrane transport	GO:0005887^cellular_component^integral component of plasma membrane`GO:0005886^cellular_component^plasma membrane`GO:0001518^cellular_component^voltage-gated sodium channel complex`GO:0005509^molecular_function^calcium ion binding`GO:0005261^molecular_function^cation channel activity`GO:0005272^molecular_function^sodium channel activity`GO:0005244^molecular_function^voltage-gated ion channel activity`GO:0005248^molecular_function^voltage-gated sodium channel activity`GO:0045433^biological_process^male courtship behavior veined wing generated song production`GO:0007638^biological_process^mechanosensory behavior`GO:0086010^biological_process^membrane depolarization during action potential`GO:0019228^biological_process^neuronal action potential`GO:0034765^biological_process^regulation of ion transmembrane transport`GO:0060078^biological_process^regulation of postsynaptic membrane potential`GO:0001666^biological_process^response to hypoxia`GO:0009612^biological_process^response to mechanical stimulus`GO:0035725^biological_process^sodium ion transmembrane transport	.	OFRAG00000001431.1	SODIUM CHANNEL PROTEIN TYPE 3 SUBUNIT ALPHA	K04834
OG0011278							
OG0011291							
OG0011295							
OG0011320	osedax	GO:0005887^cellular_component^integral component of plasma membrane`GO:0005886^cellular_component^plasma membrane`GO:0005524^molecular_function^ATP binding`GO:0005525^molecular_function^GTP binding`GO:0004383^molecular_function^guanylate cyclase activity`GO:0046872^molecular_function^metal ion binding`GO:0001653^molecular_function^peptide receptor activity`GO:0030215^molecular_function^semaphorin receptor binding`GO:0038023^molecular_function^signaling receptor activity`GO:0007411^biological_process^axon guidance`GO:0016199^biological_process^axon midline choice point recognition`GO:0006182^biological_process^cGMP biosynthetic process`GO:0019934^biological_process^cGMP-mediated signaling`GO:0030198^biological_process^extracellular matrix organization`GO:0007526^biological_process^larval somatic muscle development`GO:0008045^biological_process^motor neuron axon guidance`GO:0007428^biological_process^primary branching open tracheal system`GO:0006468^biological_process^protein phosphorylation`GO:0007168^biological_process^receptor guanylyl cyclase signaling pathway`GO:0030510^biological_process^regulation of BMP signaling pathway`GO:0009651^biological_process^response to salt stress`GO:0007435^biological_process^salivary gland morphogenesis`GO:0007165^biological_process^signal transduction	GO:0005887^cellular_component^integral component of plasma membrane`GO:0005886^cellular_component^plasma membrane`GO:0005524^molecular_function^ATP binding`GO:0005525^molecular_function^GTP binding`GO:0004383^molecular_function^guanylate cyclase activity`GO:0046872^molecular_function^metal ion binding`GO:0001653^molecular_function^peptide receptor activity`GO:0030215^molecular_function^semaphorin receptor binding`GO:0038023^molecular_function^signaling receptor activity`GO:0007411^biological_process^axon guidance`GO:0016199^biological_process^axon midline choice point recognition`GO:0006182^biological_process^cGMP biosynthetic process`GO:0019934^biological_process^cGMP-mediated signaling`GO:0030198^biological_process^extracellular matrix organization`GO:0007526^biological_process^larval somatic muscle development`GO:0008045^biological_process^motor neuron axon guidance`GO:0007428^biological_process^primary branching open tracheal system`GO:0006468^biological_process^protein phosphorylation`GO:0007168^biological_process^receptor guanylyl cyclase signaling pathway`GO:0030510^biological_process^regulation of BMP signaling pathway`GO:0009651^biological_process^response to salt stress`GO:0007435^biological_process^salivary gland morphogenesis`GO:0007165^biological_process^signal transduction	.	OFRAG00000004003.1	RECEPTOR-TYPE GUANYLATE CYCLASE GYC76C	K01769
OG0011328							
OG0011346							
OG0011401							
OG0011424							
OG0011500							
OG0011524							
OG0011566							
OG0011571							
OG0011616							
OG0011647							
OG0011663							
OG0011679	osedax	GO:0009986^cellular_component^cell surface`GO:0031012^cellular_component^extracellular matrix`GO:0005576^cellular_component^extracellular region`GO:0005615^cellular_component^extracellular space`GO:0016021^cellular_component^integral component of membrane`GO:0097730^cellular_component^non-motile cilium`GO:0005509^molecular_function^calcium ion binding`GO:0005201^molecular_function^extracellular matrix structural constituent`GO:0000902^biological_process^cell morphogenesis`GO:0042052^biological_process^rhabdomere development`GO:0010378^biological_process^temperature compensation of the circadian clock	GO:0009986^cellular_component^cell surface`GO:0031012^cellular_component^extracellular matrix`GO:0005576^cellular_component^extracellular region`GO:0005615^cellular_component^extracellular space`GO:0016021^cellular_component^integral component of membrane`GO:0097730^cellular_component^non-motile cilium`GO:0005509^molecular_function^calcium ion binding`GO:0005201^molecular_function^extracellular matrix structural constituent`GO:0000902^biological_process^cell morphogenesis`GO:0042052^biological_process^rhabdomere development`GO:0010378^biological_process^temperature compensation of the circadian clock	GO:0005515^molecular_function^protein binding	OFRAG00000012843.1	NOTCH LIGAND FAMILY MEMBER	
OG0011685							
OG0011725							
OG0011751							
OG0011881							
OG0011905							
OG0011923							
OG0011940							
OG0011942							
OG0011950							
OG0011957							
OG0011967							
OG0012023							
OG0012029							
OG0012072							
OG0012117	osedax	GO:0016324^cellular_component^apical plasma membrane`GO:0009925^cellular_component^basal plasma membrane`GO:0005737^cellular_component^cytoplasm`GO:0070062^cellular_component^extracellular exosome`GO:0005887^cellular_component^integral component of plasma membrane`GO:0043229^cellular_component^intracellular organelle`GO:0016020^cellular_component^membrane`GO:0005886^cellular_component^plasma membrane`GO:0033300^molecular_function^dehydroascorbic acid transmembrane transporter activity`GO:0008520^molecular_function^L-ascorbate:sodium symporter activity`GO:0015229^molecular_function^L-ascorbic acid transmembrane transporter activity`GO:0015205^molecular_function^nucleobase transmembrane transporter activity`GO:0015081^molecular_function^sodium ion transmembrane transporter activity`GO:0007420^biological_process^brain development`GO:0070837^biological_process^dehydroascorbic acid transport`GO:0019852^biological_process^L-ascorbic acid metabolic process`GO:0015882^biological_process^L-ascorbic acid transmembrane transport`GO:0030324^biological_process^lung development`GO:0015851^biological_process^nucleobase transport`GO:0006139^biological_process^nucleobase-containing compound metabolic process`GO:0009636^biological_process^response to toxic substance`GO:0006814^biological_process^sodium ion transport`GO:0070904^biological_process^transepithelial L-ascorbic acid transport	GO:0016324^cellular_component^apical plasma membrane`GO:0009925^cellular_component^basal plasma membrane`GO:0005737^cellular_component^cytoplasm`GO:0070062^cellular_component^extracellular exosome`GO:0005887^cellular_component^integral component of plasma membrane`GO:0043229^cellular_component^intracellular organelle`GO:0016020^cellular_component^membrane`GO:0005886^cellular_component^plasma membrane`GO:0033300^molecular_function^dehydroascorbic acid transmembrane transporter activity`GO:0008520^molecular_function^L-ascorbate:sodium symporter activity`GO:0015229^molecular_function^L-ascorbic acid transmembrane transporter activity`GO:0015205^molecular_function^nucleobase transmembrane transporter activity`GO:0015081^molecular_function^sodium ion transmembrane transporter activity`GO:0007420^biological_process^brain development`GO:0070837^biological_process^dehydroascorbic acid transport`GO:0019852^biological_process^L-ascorbic acid metabolic process`GO:0015882^biological_process^L-ascorbic acid transmembrane transport`GO:0030324^biological_process^lung development`GO:0015851^biological_process^nucleobase transport`GO:0006139^biological_process^nucleobase-containing compound metabolic process`GO:0009636^biological_process^response to toxic substance`GO:0006814^biological_process^sodium ion transport`GO:0070904^biological_process^transepithelial L-ascorbic acid transport	GO:0022857^molecular_function^transmembrane transporter activity`GO:0055085^biological_process^transmembrane transport`GO:0016020^cellular_component^membrane	OFRAG00000013553.1	SUBFAMILY NOT NAMED	K14611
OG0012129							
OG0012212							
OG0012302							
OG0012360							
OG0012389							
OG0012400							
OG0012470	osedax	.	.	.	OFRAG00000016578.1	NO HIT
OG0012515							
OG0012526							
OG0012556							
OG0012823							
OG0012830							
OG0012862	osedax	GO:0009986^cellular_component^cell surface`GO:0005829^cellular_component^cytosol`GO:0048786^cellular_component^presynaptic active zone`GO:0045202^cellular_component^synapse`GO:0014047^biological_process^glutamate secretion`GO:0007269^biological_process^neurotransmitter secretion`GO:0050808^biological_process^synapse organization	GO:0009986^cellular_component^cell surface`GO:0005829^cellular_component^cytosol`GO:0048786^cellular_component^presynaptic active zone`GO:0045202^cellular_component^synapse`GO:0014047^biological_process^glutamate secretion`GO:0007269^biological_process^neurotransmitter secretion`GO:0050808^biological_process^synapse organization	.	OFRAG00000015068.1	LIPRIN-ALPHA ISOFORM E	
OG0012871	osedax	GO:0005737^cellular_component^cytoplasm`GO:0005829^cellular_component^cytosol`GO:0031966^cellular_component^mitochondrial membrane`GO:0005634^cellular_component^nucleus`GO:0048471^cellular_component^perinuclear region of cytoplasm`GO:0005886^cellular_component^plasma membrane`GO:0005524^molecular_function^ATP binding`GO:0004698^molecular_function^calcium-dependent protein kinase C activity`GO:0008270^molecular_function^zinc ion binding`GO:0001525^biological_process^angiogenesis`GO:0006915^biological_process^apoptotic process`GO:0007155^biological_process^cell adhesion`GO:0035556^biological_process^intracellular signal transduction`GO:0034351^biological_process^negative regulation of glial cell apoptotic process`GO:0045766^biological_process^positive regulation of angiogenesis`GO:0010613^biological_process^positive regulation of cardiac muscle hypertrophy`GO:0045785^biological_process^positive regulation of cell adhesion`GO:0030335^biological_process^positive regulation of cell migration`GO:2000707^biological_process^positive regulation of dense core granule biogenesis`GO:0010595^biological_process^positive regulation of endothelial cell migration`GO:0001938^biological_process^positive regulation of endothelial cell proliferation`GO:0070374^biological_process^positive regulation of ERK1 and ERK2 cascade`GO:0031666^biological_process^positive regulation of lipopolysaccharide-mediated signaling pathway`GO:0045651^biological_process^positive regulation of macrophage differentiation`GO:0045931^biological_process^positive regulation of mitotic cell cycle`GO:0006468^biological_process^protein phosphorylation`GO:0090330^biological_process^regulation of platelet aggregation	GO:0005737^cellular_component^cytoplasm`GO:0005829^cellular_component^cytosol`GO:0031966^cellular_component^mitochondrial membrane`GO:0005634^cellular_component^nucleus`GO:0048471^cellular_component^perinuclear region of cytoplasm`GO:0005886^cellular_component^plasma membrane`GO:0005524^molecular_function^ATP binding`GO:0004698^molecular_function^calcium-dependent protein kinase C activity`GO:0008270^molecular_function^zinc ion binding`GO:0001525^biological_process^angiogenesis`GO:0006915^biological_process^apoptotic process`GO:0007155^biological_process^cell adhesion`GO:0035556^biological_process^intracellular signal transduction`GO:0034351^biological_process^negative regulation of glial cell apoptotic process`GO:0045766^biological_process^positive regulation of angiogenesis`GO:0010613^biological_process^positive regulation of cardiac muscle hypertrophy`GO:0045785^biological_process^positive regulation of cell adhesion`GO:0030335^biological_process^positive regulation of cell migration`GO:2000707^biological_process^positive regulation of dense core granule biogenesis`GO:0010595^biological_process^positive regulation of endothelial cell migration`GO:0001938^biological_process^positive regulation of endothelial cell proliferation`GO:0070374^biological_process^positive regulation of ERK1 and ERK2 cascade`GO:0031666^biological_process^positive regulation of lipopolysaccharide-mediated signaling pathway`GO:0045651^biological_process^positive regulation of macrophage differentiation`GO:0045931^biological_process^positive regulation of mitotic cell cycle`GO:0006468^biological_process^protein phosphorylation`GO:0090330^biological_process^regulation of platelet aggregation	GO:0035556^biological_process^intracellular signal transduction	OFRAG00000008404.1	PROTEIN KINASE C BRAIN ISOZYME-LIKE PROTEIN	K02677
OG0012887	osedax	.	.	.	OFRAG00000000709.1	ANKYRIN REPEAT-CONTAINING PROTEIN DDB_G0279043	
OG0012952							
OG0012969							
OG0013009							
OG0013035							
OG0013063							
OG0013086							
OG0013239							
OG0013268							
OG0013380							
OG0013395							
OG0013399							
OG0013425							
OG0013462							
OG0013514							
OG0013563							
OG0013592							
OG0013607							
OG0013618							
OG0013675							
OG0013712							
OG0013722							
OG0013907							
OG0013928							
OG0013930							
OG0013931							
OG0013938							
OG0013994							
OG0014016							
OG0014039							
OG0014041							
OG0014065							
OG0014092							
OG0014101							
OG0014105							
OG0014109							
OG0014110							
OG0014197							
OG0014231							
OG0014232							
OG0014252							
OG0014344	osedax	.	.	.	OFRAG00000010713.1	NO HIT
OG0014411							
OG0014429							
OG0014453	osedax	GO:0005576^cellular_component^extracellular region	GO:0005576^cellular_component^extracellular region	.	OFRAG00000009593.1	PROTEIN CBG12054-RELATED	
OG0014453	osedax	GO:0005576^cellular_component^extracellular region	GO:0005576^cellular_component^extracellular region	.	OFRAG00000009595.1	SUBFAMILY NOT NAMED	
OG0014453	osedax	GO:0005576^cellular_component^extracellular region	GO:0005576^cellular_component^extracellular region	.	OFRAG00000009596.1	PROTEIN CBG12054-RELATED	
OG0014453	osedax	.	.	.	OFRAG00000009597.1	PROTEIN CBG12054-RELATED	
OG0014453	osedax	.	.	.	OFRAG00000015444.1	PROTEIN CBG12054-RELATED	
OG0014453	osedax	GO:0005576^cellular_component^extracellular region	GO:0005576^cellular_component^extracellular region	.	OFRAG00000015774.1	PROTEIN CBG12054	
OG0014453	osedax	GO:0005576^cellular_component^extracellular region	GO:0005576^cellular_component^extracellular region	.	OFRAG00000016724.1	PROTEIN CBG12054	
OG0014453	osedax	GO:0005576^cellular_component^extracellular region	GO:0005576^cellular_component^extracellular region	.	OFRAG00000016725.1	PROTEIN CBG12054-RELATED	
OG0014473							
OG0014682	osedax	GO:0005615^cellular_component^extracellular space`GO:0016020^cellular_component^membrane`GO:0043005^cellular_component^neuron projection`GO:0034774^cellular_component^secretory granule lumen`GO:0030133^cellular_component^transport vesicle`GO:0042802^molecular_function^identical protein binding`GO:0004252^molecular_function^serine-type endopeptidase activity`GO:0007267^biological_process^cell-cell signaling`GO:0043043^biological_process^peptide biosynthetic process`GO:0016486^biological_process^peptide hormone processing`GO:0016485^biological_process^protein processing`GO:0006508^biological_process^proteolysis	GO:0005615^cellular_component^extracellular space`GO:0016020^cellular_component^membrane`GO:0043005^cellular_component^neuron projection`GO:0034774^cellular_component^secretory granule lumen`GO:0030133^cellular_component^transport vesicle`GO:0042802^molecular_function^identical protein binding`GO:0004252^molecular_function^serine-type endopeptidase activity`GO:0007267^biological_process^cell-cell signaling`GO:0043043^biological_process^peptide biosynthetic process`GO:0016486^biological_process^peptide hormone processing`GO:0016485^biological_process^protein processing`GO:0006508^biological_process^proteolysis	GO:0004252^molecular_function^serine-type endopeptidase activity`GO:0006508^biological_process^proteolysis	OFRAG00000005248.1	FURIN-LIKE PROTEASE 1 ISOFORMS 1/1-X/2	K01359
OG0014757							
OG0014794							
OG0014805							
OG0014855							
OG0014858							
OG0014906							
OG0014912							
OG0014923							
OG0014947	osedax	GO:0005829^cellular_component^cytosol`GO:0045111^cellular_component^intermediate filament cytoskeleton`GO:0016020^cellular_component^membrane`GO:0005730^cellular_component^nucleolus`GO:0005654^cellular_component^nucleoplasm`GO:0005634^cellular_component^nucleus`GO:0030687^cellular_component^preribosome large subunit precursor`GO:0005524^molecular_function^ATP binding`GO:0016887^molecular_function^ATPase activity`GO:0051082^molecular_function^unfolded protein binding`GO:0065003^biological_process^protein-containing complex assembly`GO:0000027^biological_process^ribosomal large subunit assembly`GO:0006364^biological_process^rRNA processing	GO:0005829^cellular_component^cytosol`GO:0045111^cellular_component^intermediate filament cytoskeleton`GO:0016020^cellular_component^membrane`GO:0005730^cellular_component^nucleolus`GO:0005654^cellular_component^nucleoplasm`GO:0005634^cellular_component^nucleus`GO:0030687^cellular_component^preribosome large subunit precursor`GO:0005524^molecular_function^ATP binding`GO:0016887^molecular_function^ATPase activity`GO:0051082^molecular_function^unfolded protein binding`GO:0065003^biological_process^protein-containing complex assembly`GO:0000027^biological_process^ribosomal large subunit assembly`GO:0006364^biological_process^rRNA processing	GO:0005524^molecular_function^ATP binding`GO:0016887^molecular_function^ATPase activity	OFRAG00000008505.1	MIDASIN-RELATED	K14572
OG0015048							
OG0015107							
OG0015133							
OG0015150							
OG0015169							
OG0015177							
OG0015178	osedax	GO:0005737^cellular_component^cytoplasm`GO:0005881^cellular_component^cytoplasmic microtubule`GO:0005829^cellular_component^cytosol`GO:0090498^cellular_component^extrinsic component of Golgi membrane`GO:0005794^cellular_component^Golgi apparatus`GO:0005797^cellular_component^Golgi medial cisterna`GO:0000138^cellular_component^Golgi trans cisterna`GO:0016020^cellular_component^membrane	GO:0005737^cellular_component^cytoplasm`GO:0005881^cellular_component^cytoplasmic microtubule`GO:0005829^cellular_component^cytosol`GO:0090498^cellular_component^extrinsic component of Golgi membrane`GO:0005794^cellular_component^Golgi apparatus`GO:0005797^cellular_component^Golgi medial cisterna`GO:0000138^cellular_component^Golgi trans cisterna`GO:0016020^cellular_component^membrane	.	OFRAG00000010806.1	PROTEIN HID1	
OG0015211							
OG0015217	osedax	GO:0005892^cellular_component^acetylcholine-gated channel complex`GO:0005887^cellular_component^integral component of plasma membrane`GO:0043005^cellular_component^neuron projection`GO:0045211^cellular_component^postsynaptic membrane`GO:0045202^cellular_component^synapse`GO:0022848^molecular_function^acetylcholine-gated cation-selective channel activity`GO:0030594^molecular_function^neurotransmitter receptor activity`GO:0004888^molecular_function^transmembrane signaling receptor activity`GO:0007268^biological_process^chemical synaptic transmission`GO:0034220^biological_process^ion transmembrane transport`GO:0050877^biological_process^nervous system process`GO:0042391^biological_process^regulation of membrane potential`GO:0017085^biological_process^response to insecticide`GO:0007165^biological_process^signal transduction`GO:0007271^biological_process^synaptic transmission cholinergic	GO:0005892^cellular_component^acetylcholine-gated channel complex`GO:0005887^cellular_component^integral component of plasma membrane`GO:0043005^cellular_component^neuron projection`GO:0045211^cellular_component^postsynaptic membrane`GO:0045202^cellular_component^synapse`GO:0022848^molecular_function^acetylcholine-gated cation-selective channel activity`GO:0030594^molecular_function^neurotransmitter receptor activity`GO:0004888^molecular_function^transmembrane signaling receptor activity`GO:0007268^biological_process^chemical synaptic transmission`GO:0034220^biological_process^ion transmembrane transport`GO:0050877^biological_process^nervous system process`GO:0042391^biological_process^regulation of membrane potential`GO:0017085^biological_process^response to insecticide`GO:0007165^biological_process^signal transduction`GO:0007271^biological_process^synaptic transmission cholinergic	GO:0005230^molecular_function^extracellular ligand-gated ion channel activity`GO:0006811^biological_process^ion transport`GO:0016021^cellular_component^integral component of membrane	OFRAG00000009933.1	ACETYLCHOLINE RECEPTOR SUBUNIT BETA-LIKE 2	K05312
OG0015217	osedax	.	.	.	OFRAG00000013159.1	ACETYLCHOLINE RECEPTOR SUBUNIT EPSILON	
OG0015217	osedax	GO:0005892^cellular_component^acetylcholine-gated channel complex`GO:0005887^cellular_component^integral component of plasma membrane`GO:0043005^cellular_component^neuron projection`GO:0045211^cellular_component^postsynaptic membrane`GO:0045202^cellular_component^synapse`GO:0015464^molecular_function^acetylcholine receptor activity`GO:0022848^molecular_function^acetylcholine-gated cation-selective channel activity`GO:0030594^molecular_function^neurotransmitter receptor activity`GO:0035095^biological_process^behavioral response to nicotine`GO:0007268^biological_process^chemical synaptic transmission`GO:0034220^biological_process^ion transmembrane transport`GO:0007399^biological_process^nervous system development`GO:0050877^biological_process^nervous system process`GO:0042391^biological_process^regulation of membrane potential`GO:0007165^biological_process^signal transduction`GO:0060084^biological_process^synaptic transmission involved in micturition	GO:0005892^cellular_component^acetylcholine-gated channel complex`GO:0005887^cellular_component^integral component of plasma membrane`GO:0043005^cellular_component^neuron projection`GO:0045211^cellular_component^postsynaptic membrane`GO:0045202^cellular_component^synapse`GO:0015464^molecular_function^acetylcholine receptor activity`GO:0022848^molecular_function^acetylcholine-gated cation-selective channel activity`GO:0030594^molecular_function^neurotransmitter receptor activity`GO:0035095^biological_process^behavioral response to nicotine`GO:0007268^biological_process^chemical synaptic transmission`GO:0034220^biological_process^ion transmembrane transport`GO:0007399^biological_process^nervous system development`GO:0050877^biological_process^nervous system process`GO:0042391^biological_process^regulation of membrane potential`GO:0007165^biological_process^signal transduction`GO:0060084^biological_process^synaptic transmission involved in micturition	GO:0005230^molecular_function^extracellular ligand-gated ion channel activity`GO:0006811^biological_process^ion transport`GO:0016021^cellular_component^integral component of membrane	OFRAG00000014446.1	NEURONAL ACETYLCHOLINE RECEPTOR SUBUNIT ALPHA-5	K05312
OG0015229							
OG0015300							
OG0015322							
OG0015339							
OG0015364							
OG0015398							
OG0015403							
OG0015776							
OG0015779							
OG0015889							
OG0015928							
OG0015945							
OG0015964							
OG0016043							
OG0016083							
OG0016088							
OG0016096							
OG0016104							
OG0016144							
OG0016172							
OG0016194							
OG0016243							
OG0016247							
OG0016305							
OG0016345							
OG0016388							
OG0016469	osedax	.	.	.	OFRAG00000009247.1	NO HIT
OG0016469	osedax	.	.	.	OFRAG00000009248.1	NO HIT
OG0016495							
OG0016510							
OG0016517							
OG0016519							
OG0016862	osedax	GO:0005912^cellular_component^adherens junction`GO:0030424^cellular_component^axon`GO:0009986^cellular_component^cell surface`GO:0030136^cellular_component^clathrin-coated vesicle`GO:0030425^cellular_component^dendrite`GO:0098978^cellular_component^glutamatergic synapse`GO:0000139^cellular_component^Golgi membrane`GO:0005798^cellular_component^Golgi-associated vesicle`GO:0005634^cellular_component^nucleus`GO:0097038^cellular_component^perinuclear endoplasmic reticulum`GO:0005886^cellular_component^plasma membrane`GO:0046930^cellular_component^pore complex`GO:0014069^cellular_component^postsynaptic density`GO:0097060^cellular_component^synaptic membrane`GO:0097197^cellular_component^tetraspanin-enriched microdomain`GO:0004175^molecular_function^endopeptidase activity`GO:0046872^molecular_function^metal ion binding`GO:0004222^molecular_function^metalloendopeptidase activity`GO:1902945^molecular_function^metalloendopeptidase activity involved in amyloid precursor protein catabolic process`GO:0042803^molecular_function^protein homodimerization activity`GO:0019901^molecular_function^protein kinase binding`GO:0017124^molecular_function^SH3 domain binding`GO:0034332^biological_process^adherens junction organization`GO:0090102^biological_process^cochlea development`GO:0051089^biological_process^constitutive protein ectodomain proteolysis`GO:0001701^biological_process^in utero embryonic development`GO:0006509^biological_process^membrane protein ectodomain proteolysis`GO:0042117^biological_process^monocyte activation`GO:0007162^biological_process^negative regulation of cell adhesion`GO:0007219^biological_process^Notch signaling pathway`GO:0051088^biological_process^obsolete PMA-inducible membrane protein ectodomain proteolysis`GO:0046931^biological_process^pore complex assembly`GO:0030307^biological_process^positive regulation of cell growth`GO:0008284^biological_process^positive regulation of cell population proliferation`GO:0010820^biological_process^positive regulation of T cell chemotaxis`GO:0099173^biological_process^postsynapse organization`GO:0006468^biological_process^protein phosphorylation`GO:0016485^biological_process^protein processing`GO:0098696^biological_process^regulation of neurotransmitter receptor localization to postsynaptic specialization membrane`GO:0008593^biological_process^regulation of Notch signaling pathway`GO:1901342^biological_process^regulation of vasculature development`GO:0034612^biological_process^response to tumor necrosis factor`GO:1901998^biological_process^toxin transport	GO:0005912^cellular_component^adherens junction`GO:0030424^cellular_component^axon`GO:0009986^cellular_component^cell surface`GO:0030136^cellular_component^clathrin-coated vesicle`GO:0030425^cellular_component^dendrite`GO:0098978^cellular_component^glutamatergic synapse`GO:0000139^cellular_component^Golgi membrane`GO:0005798^cellular_component^Golgi-associated vesicle`GO:0005634^cellular_component^nucleus`GO:0097038^cellular_component^perinuclear endoplasmic reticulum`GO:0005886^cellular_component^plasma membrane`GO:0046930^cellular_component^pore complex`GO:0014069^cellular_component^postsynaptic density`GO:0097060^cellular_component^synaptic membrane`GO:0097197^cellular_component^tetraspanin-enriched microdomain`GO:0004175^molecular_function^endopeptidase activity`GO:0046872^molecular_function^metal ion binding`GO:0004222^molecular_function^metalloendopeptidase activity`GO:1902945^molecular_function^metalloendopeptidase activity involved in amyloid precursor protein catabolic process`GO:0042803^molecular_function^protein homodimerization activity`GO:0019901^molecular_function^protein kinase binding`GO:0017124^molecular_function^SH3 domain binding`GO:0034332^biological_process^adherens junction organization`GO:0090102^biological_process^cochlea development`GO:0051089^biological_process^constitutive protein ectodomain proteolysis`GO:0001701^biological_process^in utero embryonic development`GO:0006509^biological_process^membrane protein ectodomain proteolysis`GO:0042117^biological_process^monocyte activation`GO:0007162^biological_process^negative regulation of cell adhesion`GO:0007219^biological_process^Notch signaling pathway`GO:0051088^biological_process^obsolete PMA-inducible membrane protein ectodomain proteolysis`GO:0046931^biological_process^pore complex assembly`GO:0030307^biological_process^positive regulation of cell growth`GO:0008284^biological_process^positive regulation of cell population proliferation`GO:0010820^biological_process^positive regulation of T cell chemotaxis`GO:0099173^biological_process^postsynapse organization`GO:0006468^biological_process^protein phosphorylation`GO:0016485^biological_process^protein processing`GO:0098696^biological_process^regulation of neurotransmitter receptor localization to postsynaptic specialization membrane`GO:0008593^biological_process^regulation of Notch signaling pathway`GO:1901342^biological_process^regulation of vasculature development`GO:0034612^biological_process^response to tumor necrosis factor`GO:1901998^biological_process^toxin transport	.	OFRAG00000009765.1	KUZBANIAN ISOFORM A	K06704
OG0016863							
OG0016869							
OG0016932							
OG0016939							
OG0016944							
OG0016953							
OG0016973							
OG0016992	osedax	GO:0031463^cellular_component^Cul3-RING ubiquitin ligase complex`GO:0005856^cellular_component^cytoskeleton`GO:0005829^cellular_component^cytosol`GO:0003779^molecular_function^actin binding`GO:0097602^molecular_function^cullin family protein binding`GO:0072156^biological_process^distal tubule morphogenesis`GO:0050801^biological_process^ion homeostasis`GO:0070936^biological_process^protein K48-linked ubiquitination`GO:0016567^biological_process^protein ubiquitination`GO:0070294^biological_process^renal sodium ion absorption`GO:0006511^biological_process^ubiquitin-dependent protein catabolic process	GO:0031463^cellular_component^Cul3-RING ubiquitin ligase complex`GO:0005856^cellular_component^cytoskeleton`GO:0005829^cellular_component^cytosol`GO:0003779^molecular_function^actin binding`GO:0097602^molecular_function^cullin family protein binding`GO:0072156^biological_process^distal tubule morphogenesis`GO:0050801^biological_process^ion homeostasis`GO:0070936^biological_process^protein K48-linked ubiquitination`GO:0016567^biological_process^protein ubiquitination`GO:0070294^biological_process^renal sodium ion absorption`GO:0006511^biological_process^ubiquitin-dependent protein catabolic process	GO:0005515^molecular_function^protein binding	OFRAG00000007112.1	LD33804P	K10447
OG0017021							
OG0017026							
OG0017161							
OG0017189							
OG0017212							
OG0017252							
OG0017265							
OG0017298							
OG0017353							
OG0017437							
OG0017461							
OG0017471							
OG0017474							
OG0017511							
OG0017604							
OG0017644							
OG0017668							
OG0017683							
OG0017709							
OG0017718							
OG0017846							
OG0017926							
OG0017930							
OG0017956							
OG0018006							
OG0018014							
OG0018016							
OG0018018							
OG0018559							
OG0018580							
OG0018606							
OG0018664							
OG0018668							
OG0018759							
OG0018760							
OG0018765							
OG0018770							
OG0018777							
OG0018816							
OG0018902							
OG0018946							
OG0018985							
OG0019006							
OG0019019							
OG0019139	osedax	.	.	.	OFRAG00000013257.1	SUBFAMILY NOT NAMED	
OG0019160							
OG0019167	osedax	GO:0005912^cellular_component^adherens junction`GO:0005737^cellular_component^cytoplasm`GO:0005829^cellular_component^cytosol`GO:0043197^cellular_component^dendritic spine`GO:0098978^cellular_component^glutamatergic synapse`GO:0042587^cellular_component^glycogen granule`GO:0043005^cellular_component^neuron projection`GO:0043025^cellular_component^neuronal cell body`GO:0005730^cellular_component^nucleolus`GO:0005654^cellular_component^nucleoplasm`GO:0005634^cellular_component^nucleus`GO:0043204^cellular_component^perikaryon`GO:0005886^cellular_component^plasma membrane`GO:0098794^cellular_component^postsynapse`GO:0098793^cellular_component^presynapse`GO:0000164^cellular_component^protein phosphatase type 1 complex`GO:0072357^cellular_component^PTW/PP1 phosphatase complex`GO:0098641^molecular_function^cadherin binding involved in cell-cell adhesion`GO:0046872^molecular_function^metal ion binding`GO:0016791^molecular_function^phosphatase activity`GO:0004721^molecular_function^phosphoprotein phosphatase activity`GO:0008157^molecular_function^protein phosphatase 1 binding`GO:0004722^molecular_function^protein serine/threonine phosphatase activity`GO:0044877^molecular_function^protein-containing complex binding`GO:0043021^molecular_function^ribonucleoprotein complex binding`GO:0048754^biological_process^branching morphogenesis of an epithelial tube`GO:0007049^biological_process^cell cycle`GO:0051301^biological_process^cell division`GO:0009987^biological_process^cellular process`GO:0032922^biological_process^circadian regulation of gene expression`GO:0016311^biological_process^dephosphorylation`GO:0043153^biological_process^entrainment of circadian clock by photoperiod`GO:0005977^biological_process^glycogen metabolic process`GO:0030324^biological_process^lung development`GO:2001241^biological_process^positive regulation of extrinsic apoptotic signaling pathway in absence of ligand`GO:0006470^biological_process^protein dephosphorylation`GO:0042752^biological_process^regulation of circadian rhythm`GO:0005979^biological_process^regulation of glycogen biosynthetic process`GO:0005981^biological_process^regulation of glycogen catabolic process`GO:0006417^biological_process^regulation of translation`GO:0010288^biological_process^response to lead ion	GO:0005912^cellular_component^adherens junction`GO:0005737^cellular_component^cytoplasm`GO:0005829^cellular_component^cytosol`GO:0043197^cellular_component^dendritic spine`GO:0098978^cellular_component^glutamatergic synapse`GO:0042587^cellular_component^glycogen granule`GO:0043005^cellular_component^neuron projection`GO:0043025^cellular_component^neuronal cell body`GO:0005730^cellular_component^nucleolus`GO:0005654^cellular_component^nucleoplasm`GO:0005634^cellular_component^nucleus`GO:0043204^cellular_component^perikaryon`GO:0005886^cellular_component^plasma membrane`GO:0098794^cellular_component^postsynapse`GO:0098793^cellular_component^presynapse`GO:0000164^cellular_component^protein phosphatase type 1 complex`GO:0072357^cellular_component^PTW/PP1 phosphatase complex`GO:0098641^molecular_function^cadherin binding involved in cell-cell adhesion`GO:0046872^molecular_function^metal ion binding`GO:0016791^molecular_function^phosphatase activity`GO:0004721^molecular_function^phosphoprotein phosphatase activity`GO:0008157^molecular_function^protein phosphatase 1 binding`GO:0004722^molecular_function^protein serine/threonine phosphatase activity`GO:0044877^molecular_function^protein-containing complex binding`GO:0043021^molecular_function^ribonucleoprotein complex binding`GO:0048754^biological_process^branching morphogenesis of an epithelial tube`GO:0007049^biological_process^cell cycle`GO:0051301^biological_process^cell division`GO:0009987^biological_process^cellular process`GO:0032922^biological_process^circadian regulation of gene expression`GO:0016311^biological_process^dephosphorylation`GO:0043153^biological_process^entrainment of circadian clock by photoperiod`GO:0005977^biological_process^glycogen metabolic process`GO:0030324^biological_process^lung development`GO:2001241^biological_process^positive regulation of extrinsic apoptotic signaling pathway in absence of ligand`GO:0006470^biological_process^protein dephosphorylation`GO:0042752^biological_process^regulation of circadian rhythm`GO:0005979^biological_process^regulation of glycogen biosynthetic process`GO:0005981^biological_process^regulation of glycogen catabolic process`GO:0006417^biological_process^regulation of translation`GO:0010288^biological_process^response to lead ion	GO:0016787^molecular_function^hydrolase activity	OFRAG00000012219.1	SERINE/THREONINE-PROTEIN PHOSPHATASE PP1-GAMMA CATALYTIC SUBUNIT	K06269
OG0019175							
OG0019178							
OG0019201							
OG0019245							
OG0019275							
OG0019278	osedax	.	.	.	OFRAG00000003649.1	NUCLEAR HORMONE RECEPTOR	K08535
OG0019314							
OG0019356							
OG0019384							
OG0019457							
OG0019461							
OG0019497							
OG0019530							
OG0019557							
OG0019561							
OG0019579							
OG0019614							
OG0019617							
OG0019692							
OG0019810							
OG0019836							
OG0019919							
OG0019923							
OG0019928							
OG0019969							
OG0019970							
OG0019994							
OG0020025							
OG0020033							
OG0020043							
OG0020071							
OG0020085							
OG0020107							
OG0020123							
OG0020145							
OG0020916							
OG0020924							
OG0020986							
OG0020989							
OG0021034							
OG0021069							
OG0021102							
OG0021117							
OG0021134							
OG0021161							
OG0021163							
OG0021197							
OG0021223							
OG0021278							
OG0021331							
OG0021347							
OG0021420							
OG0021429							
OG0021471							
OG0021491							
OG0021505							
OG0021510							
OG0021563							
OG0021600							
OG0021610							
OG0021660							
OG0021670							
OG0021673							
OG0021709							
OG0021769							
OG0021771							
OG0021776							
OG0021814							
OG0021842							
OG0021922							
OG0021953							
OG0021986							
OG0022125							
OG0022168							
OG0022194							
OG0022195							
OG0022204							
OG0022220							
OG0022256							
OG0022289							
OG0022343							
OG0022415							
OG0022416							
OG0022426							
OG0022631							
OG0022658							
OG0022667							
OG0022698							
OG0022761							
OG0022866							
OG0022868							
OG0022896							
OG0022964							
OG0022997							
OG0023002							
OG0023003							
OG0023017							
OG0023032	osedax	.	.	.	OFRAG00000016535.1	VWFA AND CACHE DOMAIN-CONTAINING PROTEIN 1	
OG0023036	osedax	.	.	.	OFRAG00000015145.1	NO HIT
OG0023036	osedax	.	.	.	OFRAG00000015147.1	NO HIT
OG0023036	osedax	.	.	.	OFRAG00000015149.1	NO HIT
OG0023051							
OG0023066							
OG0023096							
OG0023113							
OG0024280							
OG0024310							
OG0024358							
OG0024390							
OG0024497							
OG0024529							
OG0024550							
OG0024554							
OG0024590							
OG0024608							
OG0024609							
OG0024610							
OG0024614							
OG0024641							
OG0024706	osedax	GO:0005737^cellular_component^cytoplasm`GO:0005829^cellular_component^cytosol`GO:0009897^cellular_component^external side of plasma membrane`GO:1990604^cellular_component^IRE1-TRAF2-ASK1 complex`GO:1902911^cellular_component^protein kinase complex`GO:0032991^cellular_component^protein-containing complex`GO:0005524^molecular_function^ATP binding`GO:0042802^molecular_function^identical protein binding`GO:0000287^molecular_function^magnesium ion binding`GO:0004709^molecular_function^MAP kinase kinase kinase activity`GO:0019904^molecular_function^protein domain specific binding`GO:0042803^molecular_function^protein homodimerization activity`GO:0004672^molecular_function^protein kinase activity`GO:0019901^molecular_function^protein kinase binding`GO:0019903^molecular_function^protein phosphatase binding`GO:0000187^biological_process^activation of MAPK activity`GO:0000186^biological_process^activation of MAPKK activity`GO:0034198^biological_process^cellular response to amino acid starvation`GO:0070301^biological_process^cellular response to hydrogen peroxide`GO:1902170^biological_process^cellular response to reactive nitrogen species`GO:0071356^biological_process^cellular response to tumor necrosis factor`GO:0072577^biological_process^endothelial cell apoptotic process`GO:0045087^biological_process^innate immune response`GO:0070059^biological_process^intrinsic apoptotic signaling pathway in response to endoplasmic reticulum stress`GO:0008631^biological_process^intrinsic apoptotic signaling pathway in response to oxidative stress`GO:0007254^biological_process^JNK cascade`GO:0000165^biological_process^MAPK cascade`GO:0038066^biological_process^p38MAPK cascade`GO:0043065^biological_process^positive regulation of apoptotic process`GO:0010666^biological_process^positive regulation of cardiac muscle cell apoptotic process`GO:0043280^biological_process^positive regulation of cysteine-type endopeptidase activity involved in apoptotic process`GO:0046330^biological_process^positive regulation of JNK cascade`GO:0043507^biological_process^positive regulation of JUN kinase activity`GO:0045663^biological_process^positive regulation of myoblast differentiation`GO:1901216^biological_process^positive regulation of neuron death`GO:1900745^biological_process^positive regulation of p38MAPK cascade`GO:0001934^biological_process^positive regulation of protein phosphorylation`GO:0045893^biological_process^positive regulation of transcription DNA-templated`GO:1904707^biological_process^positive regulation of vascular associated smooth muscle cell proliferation`GO:0097300^biological_process^programmed necrotic cell death`GO:0006468^biological_process^protein phosphorylation`GO:0010941^biological_process^regulation of cell death`GO:0034976^biological_process^response to endoplasmic reticulum stress`GO:0002931^biological_process^response to ischemia`GO:0051403^biological_process^stress-activated MAPK cascade`GO:0042060^biological_process^wound healing	GO:0005737^cellular_component^cytoplasm`GO:0005829^cellular_component^cytosol`GO:0009897^cellular_component^external side of plasma membrane`GO:1990604^cellular_component^IRE1-TRAF2-ASK1 complex`GO:1902911^cellular_component^protein kinase complex`GO:0032991^cellular_component^protein-containing complex`GO:0005524^molecular_function^ATP binding`GO:0042802^molecular_function^identical protein binding`GO:0000287^molecular_function^magnesium ion binding`GO:0004709^molecular_function^MAP kinase kinase kinase activity`GO:0019904^molecular_function^protein domain specific binding`GO:0042803^molecular_function^protein homodimerization activity`GO:0004672^molecular_function^protein kinase activity`GO:0019901^molecular_function^protein kinase binding`GO:0019903^molecular_function^protein phosphatase binding`GO:0000187^biological_process^activation of MAPK activity`GO:0000186^biological_process^activation of MAPKK activity`GO:0034198^biological_process^cellular response to amino acid starvation`GO:0070301^biological_process^cellular response to hydrogen peroxide`GO:1902170^biological_process^cellular response to reactive nitrogen species`GO:0071356^biological_process^cellular response to tumor necrosis factor`GO:0072577^biological_process^endothelial cell apoptotic process`GO:0045087^biological_process^innate immune response`GO:0070059^biological_process^intrinsic apoptotic signaling pathway in response to endoplasmic reticulum stress`GO:0008631^biological_process^intrinsic apoptotic signaling pathway in response to oxidative stress`GO:0007254^biological_process^JNK cascade`GO:0000165^biological_process^MAPK cascade`GO:0038066^biological_process^p38MAPK cascade`GO:0043065^biological_process^positive regulation of apoptotic process`GO:0010666^biological_process^positive regulation of cardiac muscle cell apoptotic process`GO:0043280^biological_process^positive regulation of cysteine-type endopeptidase activity involved in apoptotic process`GO:0046330^biological_process^positive regulation of JNK cascade`GO:0043507^biological_process^positive regulation of JUN kinase activity`GO:0045663^biological_process^positive regulation of myoblast differentiation`GO:1901216^biological_process^positive regulation of neuron death`GO:1900745^biological_process^positive regulation of p38MAPK cascade`GO:0001934^biological_process^positive regulation of protein phosphorylation`GO:0045893^biological_process^positive regulation of transcription DNA-templated`GO:1904707^biological_process^positive regulation of vascular associated smooth muscle cell proliferation`GO:0097300^biological_process^programmed necrotic cell death`GO:0006468^biological_process^protein phosphorylation`GO:0010941^biological_process^regulation of cell death`GO:0034976^biological_process^response to endoplasmic reticulum stress`GO:0002931^biological_process^response to ischemia`GO:0051403^biological_process^stress-activated MAPK cascade`GO:0042060^biological_process^wound healing	.	OFRAG00000014694.1	CEREBELLAR DEGENERATION-RELATED ANTIGEN 1	
OG0024762							
OG0024911							
OG0024943							
OG0024982							
OG0024988							
OG0025024							
OG0025107							
OG0025113							
OG0025114							
OG0025259							
OG0025288							
OG0025328							
OG0025394							
OG0025468							
OG0025493							
OG0025539							
OG0025550							
OG0025577							
OG0025606							
OG0025636							
OG0025656							
OG0025659							
OG0025666							
OG0025689							
OG0025722							
OG0025730							
OG0025756							
OG0025782							
OG0025786							
OG0025789							
OG0025839							
OG0025876							
OG0025898							
OG0025900							
OG0025942							
OG0025964							
OG0025977							
OG0025993							
OG0026035							
OG0026139							
OG0026328							
OG0026533							
OG0026536							
OG0026686							
OG0026710							
OG0026742							
OG0026762							
OG0026766							
OG0026769							
OG0026792							
OG0026808							
OG0026809							
OG0026829							
OG0026857							
OG0026879							
OG0026883							
OG0026933	osedax	.	.	.	OFRAG00000015924.1	NO HIT
OG0026978							
OG0027018							
OG0027038							
OG0027065							
OG0027082							
OG0027084							
OG0027158							
OG0027167							
OG0027173	osedax	GO:0005887^cellular_component^integral component of plasma membrane`GO:0004938^molecular_function^alpha2-adrenergic receptor activity`GO:0051379^molecular_function^epinephrine binding`GO:0004930^molecular_function^G protein-coupled receptor activity`GO:0071880^biological_process^adenylate cyclase-activating adrenergic receptor signaling pathway`GO:0071881^biological_process^adenylate cyclase-inhibiting adrenergic receptor signaling pathway`GO:0007186^biological_process^G protein-coupled receptor signaling pathway	GO:0005887^cellular_component^integral component of plasma membrane`GO:0004938^molecular_function^alpha2-adrenergic receptor activity`GO:0051379^molecular_function^epinephrine binding`GO:0004930^molecular_function^G protein-coupled receptor activity`GO:0071880^biological_process^adenylate cyclase-activating adrenergic receptor signaling pathway`GO:0071881^biological_process^adenylate cyclase-inhibiting adrenergic receptor signaling pathway`GO:0007186^biological_process^G protein-coupled receptor signaling pathway	GO:0004930^molecular_function^G protein-coupled receptor activity`GO:0007186^biological_process^G protein-coupled receptor signaling pathway`GO:0016021^cellular_component^integral component of membrane	OFRAG00000016244.1	AGAP000606-PA	K22814
OG0027179							
OG0027194							
OG0027264							
OG0027289							
OG0027331							
OG0027333							
OG0027352							
OG0027357							
OG0027382							
OG0027412							
OG0027438							
OG0027441							
OG0027457							
OG0027474							
OG0027488							
OG0027489							
OG0027494							
OG0029421							
OG0029520							
OG0029556							
OG0029572							
OG0029589							
OG0029591							
OG0029664							
OG0029685	osedax	GO:0097729^cellular_component^9+2 motile cilium`GO:0005858^cellular_component^axonemal dynein complex`GO:0005930^cellular_component^axoneme`GO:0005737^cellular_component^cytoplasm`GO:0030286^cellular_component^dynein complex`GO:0005874^cellular_component^microtubule`GO:0031514^cellular_component^motile cilium`GO:0036157^cellular_component^outer dynein arm`GO:0005524^molecular_function^ATP binding`GO:0008569^molecular_function^ATP-dependent microtubule motor activity minus-end-directed`GO:0045505^molecular_function^dynein intermediate chain binding`GO:0051959^molecular_function^dynein light intermediate chain binding`GO:0003777^molecular_function^microtubule motor activity`GO:0060271^biological_process^cilium assembly`GO:0003341^biological_process^cilium movement`GO:0007368^biological_process^determination of left/right symmetry`GO:0030317^biological_process^flagellated sperm motility`GO:0007507^biological_process^heart development`GO:0021670^biological_process^lateral ventricle development`GO:0007018^biological_process^microtubule-based movement`GO:0036158^biological_process^outer dynein arm assembly	GO:0097729^cellular_component^9+2 motile cilium`GO:0005858^cellular_component^axonemal dynein complex`GO:0005930^cellular_component^axoneme`GO:0005737^cellular_component^cytoplasm`GO:0030286^cellular_component^dynein complex`GO:0005874^cellular_component^microtubule`GO:0031514^cellular_component^motile cilium`GO:0036157^cellular_component^outer dynein arm`GO:0005524^molecular_function^ATP binding`GO:0008569^molecular_function^ATP-dependent microtubule motor activity minus-end-directed`GO:0045505^molecular_function^dynein intermediate chain binding`GO:0051959^molecular_function^dynein light intermediate chain binding`GO:0003777^molecular_function^microtubule motor activity`GO:0060271^biological_process^cilium assembly`GO:0003341^biological_process^cilium movement`GO:0007368^biological_process^determination of left/right symmetry`GO:0030317^biological_process^flagellated sperm motility`GO:0007507^biological_process^heart development`GO:0021670^biological_process^lateral ventricle development`GO:0007018^biological_process^microtubule-based movement`GO:0036158^biological_process^outer dynein arm assembly	.	OFRAG00000016086.1	DYNEIN HEAVY CHAIN 8 AXONEMAL	K10408
OG0029688							
OG0029691							
OG0029747							
OG0029751							
OG0029779							
OG0029817							
OG0029939							
OG0029961							
OG0030042							
OG0030163							
OG0030298							
OG0030352							
OG0030354							
OG0030374							
OG0030547							
OG0030750							
OG0030839							
OG0030873							
OG0030971							
OG0031056							
OG0031069							
OG0031075							
OG0031098							
OG0031233							
OG0031235							
OG0031263							
OG0031267							
OG0031275							
OG0031344							
OG0031369							
OG0031436							
OG0031440							
OG0031457							
OG0031466							
OG0031481							
OG0031510							
OG0031600							
OG0031795							
OG0031823	osedax	GO:0030424^cellular_component^axon`GO:0005829^cellular_component^cytosol`GO:0099061^cellular_component^integral component of postsynaptic density membrane`GO:0005886^cellular_component^plasma membrane`GO:0098685^cellular_component^Schaffer collateral - CA1 synapse`GO:0005042^molecular_function^netrin receptor activity`GO:0004888^molecular_function^transmembrane signaling receptor activity`GO:0033564^biological_process^anterior/posterior axon guidance`GO:0006915^biological_process^apoptotic process`GO:0007411^biological_process^axon guidance`GO:0007409^biological_process^axonogenesis`GO:0033563^biological_process^dorsal/ventral axon guidance`GO:0097192^biological_process^extrinsic apoptotic signaling pathway in absence of ligand`GO:0048671^biological_process^negative regulation of collateral sprouting`GO:2000171^biological_process^negative regulation of dendrite development`GO:1902842^biological_process^negative regulation of netrin-activated signaling pathway`GO:0010977^biological_process^negative regulation of neuron projection development`GO:0001764^biological_process^neuron migration`GO:0099170^biological_process^postsynaptic modulation of chemical synaptic transmission`GO:1901214^biological_process^regulation of neuron death`GO:0021965^biological_process^spinal cord ventral commissure morphogenesis	GO:0030424^cellular_component^axon`GO:0005829^cellular_component^cytosol`GO:0099061^cellular_component^integral component of postsynaptic density membrane`GO:0005886^cellular_component^plasma membrane`GO:0098685^cellular_component^Schaffer collateral - CA1 synapse`GO:0005042^molecular_function^netrin receptor activity`GO:0004888^molecular_function^transmembrane signaling receptor activity`GO:0033564^biological_process^anterior/posterior axon guidance`GO:0006915^biological_process^apoptotic process`GO:0007411^biological_process^axon guidance`GO:0007409^biological_process^axonogenesis`GO:0033563^biological_process^dorsal/ventral axon guidance`GO:0097192^biological_process^extrinsic apoptotic signaling pathway in absence of ligand`GO:0048671^biological_process^negative regulation of collateral sprouting`GO:2000171^biological_process^negative regulation of dendrite development`GO:1902842^biological_process^negative regulation of netrin-activated signaling pathway`GO:0010977^biological_process^negative regulation of neuron projection development`GO:0001764^biological_process^neuron migration`GO:0099170^biological_process^postsynaptic modulation of chemical synaptic transmission`GO:1901214^biological_process^regulation of neuron death`GO:0021965^biological_process^spinal cord ventral commissure morphogenesis	.	OFRAG00000003402.1	CONTACTIN-4	
OG0031849							
OG0031893							
OG0031902							
OG0031916							
OG0031942							
OG0031964							
OG0031974							
OG0031978							
OG0031996							
OG0032011							
OG0032018							
OG0032062							
OG0032173							
OG0032190							
OG0032331							
OG0032377							
OG0032403							
OG0032433							
OG0032466							
OG0032476							
OG0032541							
OG0032796							
OG0032899							
OG0032901							
OG0033183							
OG0033192							
OG0033255							
OG0033265							
OG0033295							
OG0033315							
OG0033345							
OG0033348							
OG0033383							
OG0033404							
OG0033412							
OG0033439							
OG0033449							
OG0033567							
OG0033649							
OG0033699							
OG0033734							
OG0033781							
OG0033832							
OG0033865							
OG0033870							
OG0033881							
OG0033914							
OG0033951							
OG0034076							
OG0034091							
OG0034107							
OG0034112							
OG0034125							
OG0034131							
OG0034146							
OG0034163							
OG0034185	osedax	GO:0016021^cellular_component^integral component of membrane`GO:0000293^molecular_function^ferric-chelate reductase activity`GO:0055114^biological_process^oxidation-reduction process	GO:0016021^cellular_component^integral component of membrane`GO:0000293^molecular_function^ferric-chelate reductase activity`GO:0055114^biological_process^oxidation-reduction process	.	OFRAG00000000603.1	FERRIC-CHELATE REDUCTASE 1 HOMOLOG-LIKE PROTEIN-RELATED	
OG0034185	osedax	GO:0016021^cellular_component^integral component of membrane`GO:0016491^molecular_function^oxidoreductase activity	GO:0016021^cellular_component^integral component of membrane`GO:0016491^molecular_function^oxidoreductase activity	.	OFRAG00000000604.1	FERRIC-CHELATE REDUCTASE 1 HOMOLOG-LIKE PROTEIN-RELATED	
OG0034186							
OG0034188							
OG0034248							
OG0034251							
OG0034261							
OG0034275							
OG0034284							
OG0034314							
OG0034315							
OG0034340							
OG0034385							
OG0034394							
OG0034400							
OG0034402							
OG0034416							
OG0037905							
OG0038074							
OG0038116							
OG0038204							
OG0038225							
OG0038252							
OG0038363							
OG0038391							
OG0038706							
OG0038766							
OG0038771							
OG0038784							
OG0038790							
OG0038794							
OG0039041							
OG0039141							
OG0039204							
OG0039281							
OG0039439							
OG0039481							
OG0039631							
OG0039729							
OG0039766							
OG0040103							
OG0040262							
OG0040281							
OG0040327							
OG0040348							
OG0040363							
OG0040405							
OG0040441							
OG0040579							
OG0040650							
OG0040806							
OG0040828							
OG0040841							
OG0040853							
OG0040999							
OG0041063							
OG0041075							
OG0041086							
OG0041127							
OG0041152							
OG0041163							
OG0041173							
OG0041245							
OG0041462							
OG0041506							
OG0041870							
OG0041973							
OG0042012							
OG0042019							
OG0042072							
OG0042082							
OG0042084							
OG0042201							
OG0042215							
OG0042267							
OG0042527							
OG0042974							
OG0043096							
OG0043145							
OG0043155							
OG0043226							
OG0043272							
OG0043280							
OG0043310							
OG0044959							
OG0045281							
OG0045344							
OG0045350							
OG0045420							
OG0045588							
OG0045636							
OG0045651							
OG0045659							
OG0045731							
OG0045742							
OG0045743							
OG0045785	osedax	.	.	.	OFRAG00000004681.1	NO HIT
OG0045816							
OG0045835							
OG0045836	osedax	.	.	GO:0003677^molecular_function^DNA binding	OFRAG00000004552.1	DORSAL ROOT GANGLIA HOMEOBOX	
OG0045903	osedax	GO:0016021^cellular_component^integral component of membrane`GO:0005886^cellular_component^plasma membrane`GO:0043235^cellular_component^receptor complex`GO:0005524^molecular_function^ATP binding`GO:0008528^molecular_function^G protein-coupled peptide receptor activity`GO:0005525^molecular_function^GTP binding`GO:0004383^molecular_function^guanylate cyclase activity`GO:0042562^molecular_function^hormone binding`GO:0016941^molecular_function^natriuretic peptide receptor activity`GO:0017046^molecular_function^peptide hormone binding`GO:0001653^molecular_function^peptide receptor activity`GO:0004672^molecular_function^protein kinase activity`GO:0019901^molecular_function^protein kinase binding`GO:0007589^biological_process^body fluid secretion`GO:0007166^biological_process^cell surface receptor signaling pathway`GO:0006182^biological_process^cGMP biosynthetic process`GO:0019934^biological_process^cGMP-mediated signaling`GO:0042417^biological_process^dopamine metabolic process`GO:0016525^biological_process^negative regulation of angiogenesis`GO:0030308^biological_process^negative regulation of cell growth`GO:0048662^biological_process^negative regulation of smooth muscle cell proliferation`GO:0010753^biological_process^positive regulation of cGMP-mediated signaling`GO:0035815^biological_process^positive regulation of renal sodium excretion`GO:0035810^biological_process^positive regulation of urine volume`GO:0007168^biological_process^receptor guanylyl cyclase signaling pathway`GO:0008217^biological_process^regulation of blood pressure`GO:0097746^biological_process^blood vessel diameter maintenance`GO:1903779^biological_process^regulation of cardiac conduction`GO:0043114^biological_process^regulation of vascular permeability`GO:0007165^biological_process^signal transduction	GO:0016021^cellular_component^integral component of membrane`GO:0005886^cellular_component^plasma membrane`GO:0043235^cellular_component^receptor complex`GO:0005524^molecular_function^ATP binding`GO:0008528^molecular_function^G protein-coupled peptide receptor activity`GO:0005525^molecular_function^GTP binding`GO:0004383^molecular_function^guanylate cyclase activity`GO:0042562^molecular_function^hormone binding`GO:0016941^molecular_function^natriuretic peptide receptor activity`GO:0017046^molecular_function^peptide hormone binding`GO:0001653^molecular_function^peptide receptor activity`GO:0004672^molecular_function^protein kinase activity`GO:0019901^molecular_function^protein kinase binding`GO:0007589^biological_process^body fluid secretion`GO:0007166^biological_process^cell surface receptor signaling pathway`GO:0006182^biological_process^cGMP biosynthetic process`GO:0019934^biological_process^cGMP-mediated signaling`GO:0042417^biological_process^dopamine metabolic process`GO:0016525^biological_process^negative regulation of angiogenesis`GO:0030308^biological_process^negative regulation of cell growth`GO:0048662^biological_process^negative regulation of smooth muscle cell proliferation`GO:0010753^biological_process^positive regulation of cGMP-mediated signaling`GO:0035815^biological_process^positive regulation of renal sodium excretion`GO:0035810^biological_process^positive regulation of urine volume`GO:0007168^biological_process^receptor guanylyl cyclase signaling pathway`GO:0008217^biological_process^regulation of blood pressure`GO:0097746^biological_process^blood vessel diameter maintenance`GO:1903779^biological_process^regulation of cardiac conduction`GO:0043114^biological_process^regulation of vascular permeability`GO:0007165^biological_process^signal transduction	GO:0004672^molecular_function^protein kinase activity`GO:0006468^biological_process^protein phosphorylation	OFRAG00000004956.1	GUANYLATE CYCLASE	K12322
OG0045914							
OG0045921							
OG0045941	osedax	.	.	GO:0016020^cellular_component^membrane	OFRAG00000003276.1	RT07201P-RELATED	
OG0045957							
OG0045958	osedax	.	.	.	OFRAG00000013957.1	NO HIT
OG0046039							
OG0046051							
OG0046113	osedax	.	.	.	OFRAG00000014276.1	NO HIT
OG0046120							
OG0046129							
OG0046133							
OG0046138							
OG0046173							
OG0046174							
OG0046186							
OG0046237							
OG0046244	osedax	.	.	.	OFRAG00000001815.1	NO HIT
OG0046254							
OG0046256	osedax	GO:0005634^cellular_component^nucleus`GO:0003677^molecular_function^DNA binding`GO:0046872^molecular_function^metal ion binding`GO:0045944^biological_process^positive regulation of transcription by RNA polymerase II`GO:0010468^biological_process^regulation of gene expression	GO:0005634^cellular_component^nucleus`GO:0003677^molecular_function^DNA binding`GO:0046872^molecular_function^metal ion binding`GO:0045944^biological_process^positive regulation of transcription by RNA polymerase II`GO:0010468^biological_process^regulation of gene expression	GO:0003676^molecular_function^nucleic acid binding	OFRAG00000003460.1	RH47711P	K09228
OG0046265							
OG0046272							
OG0046295							
OG0046330							
OG0046347							
OG0046355							
OG0046359							
OG0046388							
OG0046447	osedax	.	.	.	OFRAG00000015850.1	SUBFAMILY NOT NAMED	
OG0046455							
OG0046530							
OG0046561							
OG0046563							
OG0046574							
OG0046593							
OG0046657							
OG0046672							
OG0046680							
OG0046682							
OG0046683							
OG0046700							
OG0046732							
OG0046741							
OG0046742							
OG0046749							
OG0046799	osedax	.	.	.	OFRAG00000007561.1	AMMONIUM TRANSPORTER	
OG0046810							
OG0046811	osedax	.	.	.	OFRAG00000014795.1	INACTIVE PHOSPHOLIPASE C-LIKE PROTEIN 1	
OG0046838							
OG0046839							
OG0046851							
OG0046861							
OG0046865							
